061aafad-596d-4084-ab88-42ab80333386,Rozina,McNaughton,rmcnaughton0@biglobe.ne.jp,Female
1ac025a6-e84f-4081-8672-8e4aa9b24a74,Riobard,St Ange,rstange1@de.vu,Male
2c455ccf-5b43-4970-9210-c81a3c733829,Kaycee,Hoble,khoble2@constantcontact.com,Female
57572354-cd97-4db2-81e0-a5fa26df7c17,Sib,Gillopp,sgillopp3@statcounter.com,Female
83285baf-3a02-495c-a801-3dc611101788,Sophi,Baylie,sbaylie4@woothemes.com,Female
329f99fd-ae19-4870-b8d6-bb8ccbe0613b,Woody,Dikels,wdikels5@icio.us,Male
06b652ea-51b9-4b32-88c2-754790f0a094,Martino,Carneck,mcarneck6@scientificamerican.com,Male
c560b317-51f9-4a94-ab9f-14ca96023710,Kelila,Rapi,krapi7@alibaba.com,Female
00d66ee6-6509-4fb9-b67b-c4c109d7e1a1,Malchy,Lundbeck,mlundbeck8@photobucket.com,Male
c3c8dc6d-06cc-4c0b-adbf-afb3ef6fb35e,Zorine,Damiral,zdamiral9@amazon.com,Female
05ef997b-be96-4fc8-8826-a7a2e919008f,Imogene,Delong,idelonga@ebay.co.uk,Female
ead56cce-c922-4961-96a2-d664e380b26d,Edwina,Boldison,eboldisonb@house.gov,Female
249aeef7-daca-4648-8d25-115889f41fa2,Dougie,Quinsee,dquinseec@amazon.co.uk,Male
aa64088a-5587-458a-97ff-351574840233,Denny,McLewd,dmclewdd@exblog.jp,Male
09eb2a74-0be3-41e1-88d3-ea479b4fd32c,Samuele,Birney,sbirneye@dropbox.com,Male
41eb367f-b02d-4679-b9aa-f4e2018ea88e,Clo,MacIan,cmacianf@si.edu,Female
a5c0d950-0ea1-4fda-b5e4-fa307a47b622,Mathew,Bonner,mbonnerg@tamu.edu,Male
bf00b699-5995-44f7-892c-6f4dc707d333,Mattheus,Dael,mdaelh@edublogs.org,Male
bdcb669d-3070-4ff5-8a17-a7fbb6c4da23,Skipton,Catonne,scatonnei@msu.edu,Male
427858d8-1d43-48e8-8623-78257ce67484,Sylvan,Murch,smurchj@github.com,Male
67909fe3-bf7b-406a-8949-8848e1be234f,Dela,Littlefair,dlittlefairk@answers.com,Female
0f02ccec-8f58-40fe-ac3b-974543377c35,Currie,Piper,cpiperl@angelfire.com,Male
89e93c1b-4580-4988-a7c6-8692cb93ee83,Jo,McTrustey,jmctrusteym@yahoo.co.jp,Female
47419dea-3af6-46f5-8d8c-e490902c6611,Hailey,Aspole,haspolen@npr.org,Male
9e822fa2-7eeb-4cc3-9eaa-53af1b778851,Maybelle,Petschel,mpetschelo@vistaprint.com,Female
b6853abd-9397-4490-af2e-8471401c22f7,Agnes,Leddy,aleddyp@cbc.ca,Female
ba64b26a-85ca-4567-aa92-4a0a2abe8a0a,Devi,Fernyhough,dfernyhoughq@google.nl,Female
e922066a-0ab7-4544-953b-c99ce04ee590,Hildegaard,Shilliday,hshillidayr@chicagotribune.com,Female
f90573d5-5988-4ba9-b677-914852a70025,Skippy,Rocks,srockss@forbes.com,Male
d405d40d-9d6b-4569-916f-b334f1b84c46,Abbey,Bartley,abartleyt@altervista.org,Male
fed3a5d6-40da-4597-89c0-8c4fe5a52715,Major,Parnby,mparnbyu@ed.gov,Male
fb0e7ba6-a979-4b32-9f9e-78f38418e939,Wallis,Dumphry,wdumphryv@businessinsider.com,Female
657b8ed2-3e99-4574-9ca9-be7c63e76e6e,Belicia,Guillem,bguillemw@comsenz.com,Female
292e52fd-ebca-4fea-a5d9-6d854604038b,Annice,Ivanisov,aivanisovx@g.co,Female
e4994546-2471-4f5b-aa29-1688157824ac,Walton,Cannavan,wcannavany@posterous.com,Male
79fb0130-9f22-458c-81bd-d7a4cafddaa8,Sibel,Carnoghan,scarnoghanz@baidu.com,Female
d3a59f49-e235-4728-9a2b-3f8e4453b9ba,Heda,Borland,hborland10@miitbeian.gov.cn,Female
7583a193-5086-47de-b10e-06036c43ae25,Octavius,Bernardet,obernardet11@umich.edu,Male
101e4063-f8ab-4c77-b173-91a13dce13a6,Alix,MacCarrane,amaccarrane12@unesco.org,Female
2f3efb9a-cd45-4e88-9916-e12df27df391,Alisha,Itzkov,aitzkov13@businessweek.com,Female
6e7d5525-9872-4625-8c68-0a9da607aff1,Berkeley,Balf,bbalf14@google.nl,Male
20d6af58-5978-4ea1-a196-33ef941c8255,Fred,Stanyland,fstanyland15@ycombinator.com,Male
e3cec4f5-ab63-4426-9c1d-ddc5235f968b,Suzann,Sibbs,ssibbs16@utexas.edu,Female
bf8c88a1-ca80-4486-a14f-f3e858248378,Karel,Duberry,kduberry17@ox.ac.uk,Male
63271769-4850-4079-bc23-73a81a256e70,Hortense,Riccard,hriccard18@ask.com,Female
26803d1f-a4ac-48b2-ad20-6407be7c67d7,Pippa,Gimblet,pgimblet19@independent.co.uk,Female
a730979f-a2ad-40db-bdf6-0678c3431dda,Herold,Goldbourn,hgoldbourn1a@jalbum.net,Male
00346def-dd75-4dd5-b215-33b3d4a3d9ea,Kerianne,Jeremiah,kjeremiah1b@washington.edu,Female
8cb0285e-ebc1-42ca-a8d7-eb0b025f1cb7,Urson,Iwanowski,uiwanowski1c@canalblog.com,Male
36d7fe47-e18e-4e4e-ade1-c0a9d4246079,Ammamaria,Calveley,acalveley1d@cam.ac.uk,Female
7e33c790-6f27-4de6-9443-7e9886c0d056,Lisha,Harg,lharg1e@seesaa.net,Female
6c2b68eb-cb3f-4ebf-bf81-0f6cae2ab5d7,Hermon,Garnett,hgarnett1f@woothemes.com,Male
36445dc6-5052-4d9d-aa06-98650a3f63f7,Georgie,Raubenheim,graubenheim1g@technorati.com,Male
6bd8f3c3-3b6c-410d-80cc-db7e193a9c06,Rhett,Doncaster,rdoncaster1h@discovery.com,Male
ed7e72ad-6249-4007-8fbd-66748eb64ef5,Miguela,Lathbury,mlathbury1i@pcworld.com,Female
3edd6e6f-6ab5-44b9-96b4-7587c9043e62,Daffi,Halfpenny,dhalfpenny1j@plala.or.jp,Female
c1650bfd-70fd-4055-8209-7d88be10003b,Lynnelle,Saltman,lsaltman1k@cdc.gov,Female
edd59461-907c-4a08-bcc9-2cf8bbe204e9,Ebeneser,Brendeke,ebrendeke1l@elpais.com,Male
a6ecb1dd-eb04-4029-b3c9-d1d3d95b1b96,Seana,Stanesby,sstanesby1m@abc.net.au,Female
55be306f-ee18-456a-8efb-cbb03741cd9d,Madlin,Haskur,mhaskur1n@yale.edu,Female
f700783c-4954-4af3-b628-25739bda7ae6,Christoffer,Dat,cdat1o@harvard.edu,Male
00f1e8a0-48e2-4db4-ae86-7abccdc789c4,Zelda,Galletley,zgalletley1p@google.nl,Female
c2cab3ac-ed8b-41fb-ac41-5cc8769aee61,Isador,Batey,ibatey1q@eventbrite.com,Male
5363542a-055a-4605-8dc2-5ab216f7a1e1,Corissa,Blackford,cblackford1r@cbc.ca,Female
81978159-b8a2-4059-9cf9-3c9600994631,Ripley,Stooke,rstooke1s@wordpress.org,Male
0b57e212-47e0-4173-b837-2afc3a85b88c,Georg,Hasselby,ghasselby1t@samsung.com,Male
573592c3-1be0-410e-ad14-94384713f557,Fae,Chase,fchase1u@tumblr.com,Female
87f5b8e3-ed69-4187-9f69-36f05fb6fa27,Lil,Baus,lbaus1v@artisteer.com,Female
2b0df0d8-c8b2-4b85-9bc7-4cfced054c59,Bibby,Mew,bmew1w@1und1.de,Female
6b9c02b3-240f-4c8b-a710-b7e5b4fd6b1d,Rosalynd,O'Doran,rodoran1x@typepad.com,Female
9db08aa2-2d3a-441d-8b64-3b1c673b697d,Rosanna,Towne,rtowne1y@phpbb.com,Female
8d5f1858-e773-4eb5-8a3d-eba8d8543acc,Cassaundra,Stainton,cstainton1z@hp.com,Female
8abdaa75-b9e9-4500-9aff-857055a547f9,Andria,Bodell,abodell20@biglobe.ne.jp,Female
07d4a6c4-81fb-4275-a112-8f0a1545e6ff,Carlie,Ensor,censor21@amazonaws.com,Female
1ea35a92-ef07-4cfd-a024-103b03130544,Clayborne,Odgers,codgers22@fc2.com,Male
51e9adec-fe4e-4c15-8468-ee38b9a2b310,Jeramie,Wheeliker,jwheeliker23@dot.gov,Male
5324fed4-6c71-427b-99e0-5f3104ab329f,Kingsly,Parkhouse,kparkhouse24@uol.com.br,Male
3ccaf158-bea9-43c3-ad17-1bdd5c56b831,Gert,Koenraad,gkoenraad25@msu.edu,Female
58d2a3bc-d39f-479b-a90f-802523f7e3a9,Hervey,Haley,hhaley26@sun.com,Male
8b312e67-0cfb-4d18-bd9c-c849a3ce6859,Eugenius,Pitrasso,epitrasso27@usa.gov,Male
3c9a857c-9eb6-41d7-9406-a70c66fa1fe6,Valera,Arsey,varsey28@arstechnica.com,Female
374e8b21-970a-4dd3-8533-481eda7732a4,Lawrence,Perassi,lperassi29@shutterfly.com,Male
2e9c9449-5d24-46ea-ab6a-28dbc77f329a,Alyda,Reinhart,areinhart2a@hexun.com,Female
68311200-e7f7-4012-9db1-b2f6f2b46a78,Mata,Shotboulte,mshotboulte2b@china.com.cn,Male
f27a934b-bf3b-4a15-adb1-f2532a8800b8,Claire,Pylkynyton,cpylkynyton2c@dyndns.org,Male
bf412d06-6e2b-4a3b-923e-a41f8a521efe,Filbert,Titterell,ftitterell2d@thetimes.co.uk,Male
fad8eac9-b3f6-4c71-b397-7a38e72b1db9,Joeann,Mahaffey,jmahaffey2e@techcrunch.com,Female
de247df7-36a1-464f-99a5-119753e2ddd7,Doralyn,Bineham,dbineham2f@wunderground.com,Female
9bb27394-8bf5-41cd-b452-aae57864feb1,Antony,Partington,apartington2g@nba.com,Male
9f5d2fbc-e936-498d-a3fe-46fa2e4cebc8,Smitty,Domniney,sdomniney2h@alibaba.com,Male
d04dbbbb-6fd5-4f91-9cb7-48cc57d91cb7,Steffie,Jefferys,sjefferys2i@gizmodo.com,Female
95b745e3-f468-40c8-9b47-9cb4b3b0649a,Josee,Pobjoy,jpobjoy2j@dion.ne.jp,Female
075f3696-eb6f-4d4c-8b20-db69c743fd66,Timoteo,Ghio,tghio2k@fc2.com,Male
fa6d7271-37a6-4138-86c1-8ec84784491a,Avis,Van De Cappelle,avandecappelle2l@ask.com,Female
39fd19cb-dd7a-4e2e-a238-e12cc5a6ea94,Alla,Howler,ahowler2m@webmd.com,Female
61b7e771-a25b-444e-9a5b-90f4a2e41187,Julietta,Scrange,jscrange2n@narod.ru,Female
0cd4fc0e-188f-4fbe-9c52-c12f016bcbb7,Junina,McCrow,jmccrow2o@wp.com,Female
a498e398-9bb0-4383-b1e4-beede35b5960,Wallace,Rex,wrex2p@wikispaces.com,Male
cc1f0e87-ff63-4ae1-b498-e0b81d50381d,Benjamin,Shortcliffe,bshortcliffe2q@sina.com.cn,Male
4a88668e-0abf-4636-ac95-f8114d7f0a47,Thomas,Sher,tsher2r@sbwire.com,Male
f36aa855-34fc-4836-9ece-be1bb9bf5130,Madison,Tanswill,mtanswill2s@tumblr.com,Male
bf2cb886-d6bd-44c4-8d95-0b62994f200e,Karisa,Delcastel,kdelcastel2t@drupal.org,Female
cd5cb700-3887-43d5-9ef8-9000cf3195d9,Duffy,Jorgesen,djorgesen2u@liveinternet.ru,Male
ff8f4399-38e2-459f-b63a-2224d4dca447,Donn,Fulle,dfulle2v@trellian.com,Male
1dc0f723-8bf9-4c8a-bfb1-f78df0d7da66,Godfrey,Roistone,groistone2w@elpais.com,Male
0757d539-ba85-4dd7-bf6d-d63078642328,Jae,Cornils,jcornils2x@wisc.edu,Male
0ee956a2-2914-4357-b4c2-091ef83dd79b,Lesli,Hirjak,lhirjak2y@shinystat.com,Female
c223e840-a277-4f74-abce-941c9a189926,Gun,Curgenuer,gcurgenuer2z@posterous.com,Male
8ca9404f-d796-4d0e-ab8c-57da8e043363,Bernelle,Pilling,bpilling30@army.mil,Female
ff167374-4083-44bc-8b3e-076bf30417c1,Van,Forsyth,vforsyth31@who.int,Male
3a3b3033-092a-4a34-a167-ad08563993fe,Rania,Chalkly,rchalkly32@example.com,Female
5454964c-8201-4975-8fbc-63b734f22675,Lois,Waldock,lwaldock33@about.com,Female
a988e063-630b-4c59-afed-3d3c1b72243c,Priscilla,Ponte,pponte34@reuters.com,Female
81440605-bd91-4673-8809-a85cbe851c76,Susanne,Matveiko,smatveiko35@github.com,Female
8c683727-ac39-42b0-9532-3c94766655f4,Caryn,Jeffcoat,cjeffcoat36@wix.com,Female
db6b898e-fe4d-4cc8-9ddd-01af3a19490a,Pepi,Perrat,pperrat37@123-reg.co.uk,Female
1d71bc4a-9f19-4a27-8f1f-91c50fbc24ed,Noak,McEntagart,nmcentagart38@altervista.org,Male
66541442-88a1-4b40-9ca2-66317ec80bd6,Tabbie,Corkill,tcorkill39@statcounter.com,Female
6d060b2e-3f50-4ea8-84c8-c34d4c2806a4,Paule,Epsley,pepsley3a@nasa.gov,Female
e48097aa-5e9b-4d62-a4ec-8440033a1ea2,Penni,Godbehere,pgodbehere3b@so-net.ne.jp,Female
63c2a387-14be-40c0-8fcd-a7613566a91d,Hashim,Sanja,hsanja3c@hhs.gov,Male
47bebaea-67d3-4300-89b6-600e508b0ab4,Noak,Infantino,ninfantino3d@privacy.gov.au,Male
891f5100-d7b2-4ccb-996c-be555676b046,Emelen,Paige,epaige3e@ycombinator.com,Male
e33a56db-1be1-4b20-b7e3-03e834d40d14,Patty,Poynter,ppoynter3f@umn.edu,Male
07907da9-1fc7-4550-9c13-746d3968f4f4,Eziechiele,Erickssen,eerickssen3g@google.pl,Male
e757da6f-d1a1-4f0f-b78a-d953e1cd3492,Zola,Bodle,zbodle3h@devhub.com,Female
c5aa6931-3476-44d2-97c2-c19f8aef3f0f,Caitrin,Dutchburn,cdutchburn3i@yahoo.co.jp,Female
058b67a0-8616-4d63-ace5-fb8cde974abe,Theodosia,Bumford,tbumford3j@sakura.ne.jp,Female
38580ecb-cd84-4090-9dcb-5c0b1e9056f4,Wendell,Thouless,wthouless3k@lycos.com,Male
bf2f2cfe-4677-4cb2-8dd0-b092a7b1e4da,Camella,Critchlow,ccritchlow3l@admin.ch,Female
e0c99a11-5769-4230-ac83-ae66e31840f9,Lian,Cubberley,lcubberley3m@accuweather.com,Female
be4c8794-098f-44cd-bc08-9a860026cd8d,Read,Bridgman,rbridgman3n@gmpg.org,Male
c654163a-404b-4d99-b14b-c48fb0a03660,Hector,Puddephatt,hpuddephatt3o@slideshare.net,Male
ca3c8d62-341a-4f73-aca6-b4b9b2656a59,Kile,Ould,kould3p@is.gd,Male
e7d55759-e507-405b-bcca-d49b8d29ea0d,Tonye,Bowater,tbowater3q@sina.com.cn,Female
7ab72d3e-591f-441b-8e8c-bb40003a54b9,Faun,Redding,fredding3r@pen.io,Female
e69875e2-3fe0-4f05-bc73-893f5517f215,Napoleon,Prewett,nprewett3s@alexa.com,Male
2cdd44f0-a66d-4764-bfe3-68f543d4a42d,Angeli,Illes,ailles3t@amazonaws.com,Male
30feaae0-8b4e-4ea1-b8b7-7dd536fe9ee3,Calhoun,Diamond,cdiamond3u@weibo.com,Male
6118c91e-e1ea-49c1-8232-c5a502d6433f,Nicky,Pygott,npygott3v@tmall.com,Female
26b0cdc0-d4d3-4034-a438-d4a11886dbb3,Appolonia,Bisiker,abisiker3w@drupal.org,Female
d11b4981-e5ce-4509-830d-35774742b75f,Alvira,Phittiplace,aphittiplace3x@usgs.gov,Female
3fce6453-b7b8-4c79-a2ae-5c13075edca8,Giuseppe,Dallow,gdallow3y@prweb.com,Male
ade2705b-0333-4e84-83a1-75be4a035026,Gabbey,Muldrew,gmuldrew3z@hugedomains.com,Female
b14fbd9f-3550-4678-887a-095e747bd5ad,Anson,Shickle,ashickle40@msu.edu,Male
e183556e-091c-4e0f-a9c3-d68aa8c9df71,Dell,Chadwick,dchadwick41@cyberchimps.com,Male
a155b51a-7426-4c12-809c-bfa041be6f48,Erhart,O'Toole,eotoole42@purevolume.com,Male
c9ae690f-1bf3-4745-adc7-dc372f5e3008,Stuart,Cardo,scardo43@t.co,Male
f362ff21-536e-427f-b74d-72709346123f,Noll,Triggs,ntriggs44@cpanel.net,Male
5f9a7892-a7e7-48d0-8982-00ce215559a3,Mahalia,Casillis,mcasillis45@topsy.com,Female
f3130f7d-4507-4e75-a84a-0243be51bbae,Hans,Wakeman,hwakeman46@furl.net,Male
79444818-84c7-434d-b0ec-25be74392b0c,Grete,Druitt,gdruitt47@sourceforge.net,Female
a07127b5-ebef-442a-a335-b4892f10301c,Wilona,Portsmouth,wportsmouth48@ebay.com,Female
a264d937-0459-4e61-a6dd-c8511f470077,Alexandros,Tumbelty,atumbelty49@bbc.co.uk,Male
e50d03fb-a4ae-41a7-bff7-40a9e4878968,Stanwood,Clynmans,sclynmans4a@patch.com,Male
68e153e5-b390-4753-aefd-b5ebe4c618b4,Lesly,Percifull,lpercifull4b@vinaora.com,Female
bb7a4b1d-03cc-48bd-bdf2-6ceb64c5e589,Renelle,Wincott,rwincott4c@google.es,Female
1e7ce022-d868-43e8-823e-887cfa1c4842,Elvira,Clibbery,eclibbery4d@i2i.jp,Female
426e6266-c278-4127-992a-3805af4f9d4d,Claudie,Lawrinson,clawrinson4e@rambler.ru,Female
1bf08e65-932b-4414-81df-0c26c14c0b47,Lancelot,Freeland,lfreeland4f@ucoz.com,Male
7547e783-55f3-4f5f-a7c8-e2b6ced746ff,Kati,Maffin,kmaffin4g@1688.com,Female
c5237083-ea61-4e27-9e25-5b79f770ef39,Luigi,Mattiuzzi,lmattiuzzi4h@sogou.com,Male
67d70bd2-30b3-4840-acdb-efd1a800f9d8,Harper,Chimenti,hchimenti4i@123-reg.co.uk,Male
b9ec8ef2-70b6-4359-9d5a-5bafd1bc4e69,Craggy,Veschi,cveschi4j@flavors.me,Male
847dd1a0-1ad8-4b1b-9c33-713405ccb2ba,Hildy,Darnborough,hdarnborough4k@constantcontact.com,Female
3873847e-0ee2-46ce-be75-bfcfa1498ac6,Gabi,Sedwick,gsedwick4l@dot.gov,Male
6a9021ab-aafb-4563-9767-84a25b4d28f1,Theo,Fessier,tfessier4m@shinystat.com,Male
0f8faa54-319a-4da5-8587-870668444b80,Padget,Futter,pfutter4n@google.pl,Male
50d9aa0b-639b-4e05-acb5-2d31e2113a64,Evy,Hanlin,ehanlin4o@amazon.co.uk,Female
464034e7-acf6-42fe-abe7-d59f172b8487,Tim,Bradd,tbradd4p@globo.com,Female
85ea0554-47d4-421f-9f53-e4b775cf014c,Niko,Bearman,nbearman4q@163.com,Male
64032496-baf9-48bb-b1b3-3313a9d5afa1,Joscelin,Dougal,jdougal4r@w3.org,Female
aa118d95-346e-453a-bae6-2c14b5296893,Olenka,Radage,oradage4s@creativecommons.org,Female
13bdfed3-b824-45bc-911b-53504ed8df3b,Carole,Kahler,ckahler4t@posterous.com,Female
fd43540b-8152-405f-9331-a2c9a8624adc,Almira,Aspy,aaspy4u@dyndns.org,Female
e0bac760-b3ff-43db-9eb8-b1c07eeb2aa5,Malena,Kubik,mkubik4v@slate.com,Female
2e5b4af4-d147-400f-8b68-caa887eb0f85,Melicent,Creany,mcreany4w@flavors.me,Female
635b59ee-5115-4fd5-8f84-135c24e87570,Kevina,Idenden,kidenden4x@slideshare.net,Female
713b4ee4-62ac-4145-9db5-e1e1f3a580bf,Kial,Lehrer,klehrer4y@google.ca,Female
3a4f87a1-9be6-4040-a613-2c7ec937572a,Codie,Stoddart,cstoddart4z@wikia.com,Female
6bd69085-e96d-469f-b529-f4625cac6f55,Stormi,Trainor,strainor50@feedburner.com,Female
3a58c4d2-063f-4f5a-8546-b2c5eef05143,Ronna,Meeking,rmeeking51@facebook.com,Female
cd1c501a-0547-4034-9fe4-2105e66683a9,Wilhelm,Chisman,wchisman52@google.com,Male
79a55153-6777-460e-a577-500d92547c52,Tildy,Jerrom,tjerrom53@ca.gov,Female
4d9ffb58-afc2-4635-9991-0d661c8ef21f,Jimmie,Gawke,jgawke54@reverbnation.com,Male
0eb29d53-53f9-4876-b99d-d90759edefea,Noby,Wolstencroft,nwolstencroft55@is.gd,Male
d4c130d7-f4f6-4cbe-abb1-cf2a35c910d2,Chelsie,Fabri,cfabri56@amazon.co.jp,Female
87e67683-88a7-486d-85f5-9e567b9c66b2,Dory,Keunemann,dkeunemann57@google.cn,Male
b0e4f062-439d-41ea-bdf4-fc3274316b8a,Otho,Leagas,oleagas58@opensource.org,Male
3954d1ec-58a3-4450-a450-2a461e1b0fda,Adriane,Machan,amachan59@theglobeandmail.com,Female
7b2ee307-4115-4044-890c-5593831247f9,Worth,Corless,wcorless5a@reuters.com,Male
2d9a4043-dfe6-4170-826a-bdee18f1d555,Joanne,Abad,jabad5b@amazon.de,Female
4b737955-3194-4d72-bdea-7cd5d82e5433,Aeriel,Rayburn,arayburn5c@smh.com.au,Female
ef4762b1-42b5-4d98-83a9-edf58f9892f6,Esdras,Kesley,ekesley5d@state.tx.us,Male
5e3fc2d1-bebf-4c69-958b-6fce31edd5af,Daron,Wilcock,dwilcock5e@amazon.de,Male
a0e7e9a6-d8b6-450a-8639-cd641e2b3cc5,Hazlett,Staterfield,hstaterfield5f@kickstarter.com,Male
0ea4974a-c173-440f-a9f1-5fd33390252e,Chuck,Merryfield,cmerryfield5g@edublogs.org,Male
6e622002-b951-4585-887d-fbfc5db797d5,Marthe,Sheering,msheering5h@jigsy.com,Female
686de4b8-d0df-4269-b115-77a948109a15,Edeline,Joseland,ejoseland5i@cnn.com,Female
bf08e597-f0d2-4873-b4f4-1bc8705b8f7c,Dolli,Lilloe,dlilloe5j@yandex.ru,Female
0f0b3830-ef3f-48e1-9781-1c51615b4a12,Gerri,Bechley,gbechley5k@xrea.com,Male
21637f18-2b1b-4a1a-accb-57966e78d8f6,Carney,Trounce,ctrounce5l@etsy.com,Male
e2f486f4-6ecc-464b-9565-30b24d513475,Leland,Arbuckel,larbuckel5m@webnode.com,Male
5d8e4838-0a2c-43e1-b8e8-b19923163745,Irwinn,Gething,igething5n@house.gov,Male
90963625-d318-462a-81fd-8ec47bd32ebf,Aili,Giacomuzzo,agiacomuzzo5o@theatlantic.com,Female
e58b13ec-871c-458a-bf43-357227d09cfb,Christopher,Vamplew,cvamplew5p@paypal.com,Male
38e47841-b2d7-414e-952a-d7e94b56f388,Lock,Cole,lcole5q@businesswire.com,Male
3e40fab5-9312-44a4-932b-765197beb832,Boycey,Yerbury,byerbury5r@usa.gov,Male
98f7e9d0-c854-40a7-ae9c-d9d66e287d15,Ilsa,McKinley,imckinley5s@nps.gov,Female
0fc71f0f-1b0e-4971-9cad-a118d78adf5d,Lovell,Weetch,lweetch5t@pcworld.com,Male
3037e9e9-879c-463d-b21c-b52a733fa29d,Mathilde,Comben,mcomben5u@wufoo.com,Female
3e6e3b32-cc37-4856-a464-bd4577b884b2,Lizette,Dunmore,ldunmore5v@rakuten.co.jp,Female
5e62ad36-f207-4643-8da0-3a97df1e38f1,Emili,Garrity,egarrity5w@businessinsider.com,Female
70c4b2f4-06cf-40b5-ad97-759c73d55576,Harland,Brittain,hbrittain5x@wiley.com,Male
c7d01f4e-0292-4066-a602-9fd96e2a2952,Violet,Isselee,visselee5y@timesonline.co.uk,Female
2bb601ad-bbf5-4a65-98a9-117bffe9d72b,Sloane,Polkinhorn,spolkinhorn5z@mashable.com,Male
0dde0108-6579-45ed-914e-ac2fd2ecf936,Griffith,Rubenczyk,grubenczyk60@deliciousdays.com,Male
993da50c-8d57-4473-b285-1e1cbbebfbea,Sabra,Toderini,stoderini61@360.cn,Female
33d0b3c6-f7a2-4c7f-a41a-0309121290c5,Fredric,Johansen,fjohansen62@google.ca,Male
69c5857a-0ec6-4db9-b1b8-b20b8a6eb5e2,Delaney,Geany,dgeany63@state.gov,Male
6d17aef0-c10d-4272-bb93-328354586f3a,Orv,Gofford,ogofford64@hexun.com,Male
e8ca1769-8425-4f2c-a54a-df262950029e,Claudina,Hothersall,chothersall65@clickbank.net,Female
e5e538ad-f297-464e-910a-e050868deb8a,Homere,Labbe,hlabbe66@google.fr,Male
2e9021ca-59e2-494e-a653-421cd1c4a7aa,Verina,Hellens,vhellens67@unesco.org,Female
e2368844-9f23-4c19-8f0c-401cfb2ab57b,Peg,Reck,preck68@edublogs.org,Female
a53878d7-d4c6-4108-8cda-92d80e8852b0,Suzette,McKimmie,smckimmie69@techcrunch.com,Female
330d2d52-b3fd-450e-8eb6-423360fd8873,Scott,Snape,ssnape6a@senate.gov,Male
fb30f159-5693-49d5-b8f3-63a1abf32808,Celine,Arp,carp6b@google.co.jp,Female
d200a03f-8c6c-462c-9603-90a5032e85b1,Minta,Swalteridge,mswalteridge6c@omniture.com,Female
f968d173-5b87-4157-a7f2-16d39d71821c,Pearce,Trathan,ptrathan6d@latimes.com,Male
cd9455e0-5c46-41ba-88e9-edd17db823e0,Bart,Lipp,blipp6e@angelfire.com,Male
97ef8116-6d1a-4b79-a76d-2e2c23826e2e,Margaret,Prandy,mprandy6f@ning.com,Female
36c5f1da-e619-42a5-9be2-65df7aea242e,Nelli,Warmisham,nwarmisham6g@naver.com,Female
3bbec3b8-2f3e-42d7-9521-01071450d06e,Wainwright,Forward,wforward6h@skype.com,Male
d67ce637-8b43-45ed-9b36-bee9b0d9a645,Teador,Tither,ttither6i@wunderground.com,Male
1c6b046f-f5d5-4116-bdd2-975f0e047c4a,Lory,Gaber,lgaber6j@quantcast.com,Female
6213e071-ea4f-437f-bf8e-d9e75487f4de,Mirabelle,Batram,mbatram6k@sourceforge.net,Female
43392d4d-6a16-4178-9b21-e2ed4606bb25,Shawn,Poveleye,spoveleye6l@jalbum.net,Female
2d676f8c-9eea-474c-b6f3-db60e72d13ac,Jacquie,Salterne,jsalterne6m@vk.com,Female
a09536c4-f175-4855-ba77-ad0f4515d486,Dylan,Cregg,dcregg6n@shop-pro.jp,Male
c58c5cd9-9f20-4e6d-9ab9-248a6853ae6f,Malissia,Weitzel,mweitzel6o@xrea.com,Female
de315c8e-6afa-456f-9777-c3103f4fd6c9,Jere,Beagen,jbeagen6p@ed.gov,Male
8a835212-270c-4a6a-b217-b8213feff750,Gwenora,Cusiter,gcusiter6q@w3.org,Female
5b47ec7c-1466-4c53-8354-6541437d65dc,Faustina,Offill,foffill6r@ucsd.edu,Female
0af023b4-03a1-4894-9ca0-5b133ab70c36,Killy,Osichev,kosichev6s@forbes.com,Male
7dc68e33-3330-491a-ade8-5553db1f36fd,Marnie,Physick,mphysick6t@senate.gov,Female
66aebcb3-7db1-404a-b21a-5ea4f35a9241,Karolina,Errigo,kerrigo6u@ca.gov,Female
5d09d15a-3f4c-45ab-a528-d180ad3e89d4,Aland,Lantry,alantry6v@pcworld.com,Male
7b5e5ed5-a5c4-4274-ac74-2194d32d97cc,Nathanael,Strick,nstrick6w@domainmarket.com,Male
1068ea99-05af-45c4-81f4-d430634074f8,Margie,Heinrich,mheinrich6x@techcrunch.com,Female
28c3c42d-62b2-48db-969b-2d9aceb892f5,Paulie,Witling,pwitling6y@i2i.jp,Female
4ea67dcb-7e38-41b7-ba2d-aec0aafc75af,Darby,Manass,dmanass6z@tumblr.com,Male
5998b78e-3c12-4ac3-8db2-b2a38c49d809,Corrie,Rennles,crennles70@ameblo.jp,Female
1c5d220a-d82c-478f-87a2-92043f2783b0,Trumann,Petrolli,tpetrolli71@e-recht24.de,Male
03cd0bda-fa9f-478d-b8cb-889b5ac401b0,Kirk,Vondracek,kvondracek72@europa.eu,Male
e2b5bdfd-6439-48dc-9e07-1dc89cb527fa,Aarika,McPhelim,amcphelim73@livejournal.com,Female
28f3dd05-b7eb-4110-82e4-6d6a9a9bcc5b,Idell,Fawke,ifawke74@bigcartel.com,Female
9bcc0963-a280-48b9-87da-68a38c67c67a,Mozes,Emberton,memberton75@i2i.jp,Male
cadd0687-26cd-40bd-90c3-e0cd221f75cb,Felike,Tillerton,ftillerton76@google.pl,Male
a1480c62-e8bb-4d00-98cb-6a7130399f9f,Padgett,Lund,plund77@chron.com,Male
3534e83b-099b-4cfe-88fc-e3d0222a33b5,Franciskus,Huikerby,fhuikerby78@twitpic.com,Male
7db5b465-fbf1-4b81-b476-7637689aa166,Ab,Drewell,adrewell79@bravesites.com,Male
35011a8b-145a-464b-be9a-2cd908247ece,Hector,Patise,hpatise7a@mlb.com,Male
638aad69-0f90-4c46-8223-7c1d78e01ef0,Melodie,Reah,mreah7b@flavors.me,Female
c6902043-7a1b-400f-8a7e-02bce8cfd3f6,Fabio,Hufton,fhufton7c@globo.com,Male
2b06c75a-8b06-4bc2-82a3-a98559ac2c3d,Tania,Dunston,tdunston7d@shutterfly.com,Female
be82795c-c0b6-4895-a873-87b4658cb861,April,Bagehot,abagehot7e@upenn.edu,Female
787bbfef-996c-440e-88a8-96bb150fa061,Leonie,Causby,lcausby7f@imgur.com,Female
ba57d9fc-6fa1-47ab-ba85-06701c6f0ccb,Vince,Attreed,vattreed7g@purevolume.com,Male
0540e2ca-1c0d-4f9d-abaa-9990910526da,Christophorus,Abisetti,cabisetti7h@rambler.ru,Male
8bc8009f-b3ab-4ad1-8446-f6fb1736458b,Thaine,Peers,tpeers7i@people.com.cn,Male
00877fbc-a88d-4b09-9f2f-c872a63dc3e6,Eugenio,Birdsey,ebirdsey7j@wikia.com,Male
ca351c38-3817-480c-8cb7-78b8faca708d,Ahmad,Kauschke,akauschke7k@un.org,Male
22f2b4cb-ab07-4c32-a111-6ac37d4906d7,Myca,Robak,mrobak7l@japanpost.jp,Male
c47fc905-7a39-43fe-96b0-36a7e9b0d8df,Charlena,Delhanty,cdelhanty7m@cdbaby.com,Female
9a2bb18a-3f9f-46d5-a974-05238bba7d1c,Ernst,Finden,efinden7n@feedburner.com,Male
aba89031-0219-4cbe-9ccb-0f671703c2fd,Monique,Spary,mspary7o@loc.gov,Female
8647aa2f-0054-420c-8ae7-6c54eb91aef2,Tabbi,Jinkins,tjinkins7p@netvibes.com,Female
3c75ca5c-d2ed-4a57-acd4-9b4bb8c02fec,Beryl,Karpman,bkarpman7q@unc.edu,Female
77963b0b-aff1-423b-8726-540d5af7fbd2,Zackariah,Hardie,zhardie7r@constantcontact.com,Male
93cde64a-fe74-4c58-b4c4-703009724afb,Jase,Duddin,jduddin7s@angelfire.com,Male
2727095e-e655-4def-a601-9efde1db44fd,Francklyn,Todman,ftodman7t@joomla.org,Male
27864f87-c06f-4280-8f68-cf862de910d5,Joellen,Dorow,jdorow7u@wix.com,Female
1e9214c6-a8f0-4e9e-9495-a9e153c30c46,Manolo,Trobridge,mtrobridge7v@parallels.com,Male
fb0a78db-7a0b-487a-8442-934ca484a474,Agnola,Garms,agarms7w@barnesandnoble.com,Female
bf2b7a52-de4c-42c2-afe5-3c50b6af3665,Abby,Amar,aamar7x@digg.com,Female
da46d7e6-3628-4c34-9e1d-95bc09ffe2b0,Wallache,Drissell,wdrissell7y@hc360.com,Male
7586bce4-05ea-42ad-b069-f8de51555850,Janith,Adger,jadger7z@friendfeed.com,Female
4fb1f86b-848a-4197-9f4c-c45de47aa024,Gino,Cutchey,gcutchey80@narod.ru,Male
077916b8-43b5-4e3d-8b6b-8649ab026c38,Sergio,Colley,scolley81@sohu.com,Male
21c75546-83c8-4626-a7cb-601dec2fdc2b,Merell,Coskerry,mcoskerry82@taobao.com,Male
8a409d8a-d168-46be-b47c-e81349ed2abd,Valery,Monnery,vmonnery83@homestead.com,Female
570d069f-e398-4b49-a156-a8f641f9d329,Morten,Scholard,mscholard84@ameblo.jp,Male
7a59fae5-76bf-4625-be74-e2bfa250949e,Antonius,De Moreno,ademoreno85@wisc.edu,Male
94bf8fea-4118-421f-9b34-f8224f23433f,Thaine,McLane,tmclane86@nps.gov,Male
a2b1380d-8e4d-4965-9971-e0d0674f3174,Filberto,Bilbee,fbilbee87@dmoz.org,Male
53f29c81-b3be-47de-b4a0-a02c101cdaf8,Lucie,Ansley,lansley88@lycos.com,Female
87490cf6-0f3a-48d4-88c6-991d14665ba3,Marrissa,Hurle,mhurle89@facebook.com,Female
ed3a0ba6-53f6-4930-8177-4a3b8c211d8a,Osborne,De Laci,odelaci8a@nytimes.com,Male
79cf8653-11b2-48fc-be16-047655ab94bf,Jesse,Durante,jdurante8b@tiny.cc,Female
19d4a6fa-19eb-425e-a58c-bbd9b4ec90b0,Christie,Pryor,cpryor8c@imdb.com,Male
4c3c90e9-ad57-4daa-8fef-1a6a8821402d,Willis,Wiseman,wwiseman8d@umn.edu,Male
76212e4a-e9be-4a65-9406-c250e832cf47,Emerson,Ottiwill,eottiwill8e@weebly.com,Male
3f203d2c-c792-4da7-891c-705fa86c92fe,Mose,Keets,mkeets8f@prlog.org,Male
c3947020-9451-4e67-a4a3-87d1dbc56234,Hogan,Gogerty,hgogerty8g@rediff.com,Male
68e97c5b-4a9c-404e-aa42-15e54a5d9b71,Desmund,Lisciandri,dlisciandri8h@technorati.com,Male
42f4cd2c-83b7-4cfd-bedf-c721dd6112a1,Aime,Polglase,apolglase8i@slideshare.net,Female
028d5f88-10e4-4597-9aca-238a42cc7a96,Jammie,Hannibal,jhannibal8j@home.pl,Female
88df3da9-6c58-47b5-af8e-9d86ae9f1b49,Maynard,McMenamy,mmcmenamy8k@hp.com,Male
adb6668e-7ddc-4058-90a3-c21d6619d856,Erie,Dacke,edacke8l@google.de,Male
00415d27-42d1-4ae1-9729-482fef44af63,Goldy,Cotelard,gcotelard8m@usa.gov,Female
50c0e05b-b77e-4448-abc9-1d8b3ac87e79,Doreen,Messom,dmessom8n@rakuten.co.jp,Female
244885a6-a22d-4e01-b359-c58e89ed9d3d,Jilli,Clyde,jclyde8o@163.com,Female
27a79a06-c9c0-4d5b-b4e0-71e02d901069,Matthieu,Buesden,mbuesden8p@google.com.hk,Male
bee62f0d-2b43-4c4c-b5bf-d6b898471bc1,Norry,Gillam,ngillam8q@furl.net,Male
a74266f1-80a7-4cb0-a87b-d2805e425fd0,Bertina,Ridsdale,bridsdale8r@google.pl,Female
bbed3056-ab21-4b63-bc1d-c882e60e7b54,Schuyler,Bernardotti,sbernardotti8s@mit.edu,Male
d9a5cf8c-baae-4828-819b-f54bb4944c24,Aeriel,Heeley,aheeley8t@foxnews.com,Female
ff71bd2e-bb32-42ee-becb-81a549ea8c64,Yoshi,Exeter,yexeter8u@hp.com,Female
b8b6c5d9-415b-40e2-9284-225d3cf556df,Margi,Weddeburn - Scrimgeour,mweddeburnscrimgeour8v@redcross.org,Female
29d90818-49c5-4f2f-9bf9-55f0e6e4daa8,Grayce,Baudet,gbaudet8w@vimeo.com,Female
b5ea2a5f-2dd2-42b4-b981-761ace7c303f,Deanna,Knell,dknell8x@cornell.edu,Female
7bd0ebf1-2d86-4203-9800-adc0fb0f255b,Abbe,Edy,aedy8y@wikia.com,Male
70ef788f-49a8-43f3-a711-1685582058a4,Ingra,Enefer,ienefer8z@ed.gov,Male
8dad70e1-f34a-4d56-9973-fe784749b46a,Konrad,Palay,kpalay90@artisteer.com,Male
10f0752e-3f2b-4e31-970c-b9aeeefc3936,Reginald,Ellington,rellington91@yale.edu,Male
aba8b8ce-5678-4a63-9525-0507f952b8c2,Hasheem,Mayhou,hmayhou92@unesco.org,Male
d6b23c90-a699-476d-99b3-4b8ed4e691ef,Anica,Largen,alargen93@pen.io,Female
e0c6fc4f-13c1-4f7d-9c0c-f38db8e14037,Adriane,Storek,astorek94@yelp.com,Female
b293427f-6665-4966-b19e-5920bf71d0fd,Ellerey,Normabell,enormabell95@earthlink.net,Male
d745d362-8c68-4088-9339-3a31f6eb0646,Merralee,Corkel,mcorkel96@shutterfly.com,Female
20c61406-9f47-49d2-8816-313f2bab8547,Gussy,Minger,gminger97@ihg.com,Female
c7d84b60-727c-440c-b1ec-4e03cab519f6,Bailie,Pierri,bpierri98@japanpost.jp,Male
51398350-e2fc-4972-b80f-51213669c284,Hendrick,Rickaert,hrickaert99@wired.com,Male
2b990c2e-4f48-4679-aa6c-0308af484b5c,Stacia,Duiged,sduiged9a@exblog.jp,Female
218fa4df-aaf8-41d1-a90f-2187cf7f62dc,Jewell,Pactat,jpactat9b@auda.org.au,Female
00c5fc5c-a9cb-4d5a-93c1-758e18e22321,Lazarus,Pearson,lpearson9c@123-reg.co.uk,Male
b0715131-df10-41ce-a919-809191ea6563,Norina,Sargent,nsargent9d@opera.com,Female
166d9713-4a30-42eb-a266-6908275bfa4d,Ellswerth,MacPake,emacpake9e@hc360.com,Male
0a590fce-0df1-4d67-84ef-93c24643d65d,Orly,Spraberry,ospraberry9f@china.com.cn,Female
8a206d91-62c4-4fde-a446-56a182f3d708,Tarah,Boarder,tboarder9g@psu.edu,Female
f5cbe6f1-f2a7-4bef-ada4-6d43336f329e,Leon,Dumbare,ldumbare9h@imdb.com,Male
7da8767f-5cd0-43f1-bcbb-3582a3ff1ca2,Vannie,Clinning,vclinning9i@stumbleupon.com,Female
f578dc86-5bf0-4dbf-bf1b-1ae9488dd965,Michele,Giacomucci,mgiacomucci9j@wikimedia.org,Male
07375c98-131c-4292-bf72-1e5308c02f4b,Skelly,Caw,scaw9k@microsoft.com,Male
d07cd653-da0e-4a8c-a9ae-911878e1a3fe,Merrill,Stangoe,mstangoe9l@cargocollective.com,Male
37c74365-926c-4c7a-9092-480d78012c1c,Florella,Mattaser,fmattaser9m@cnet.com,Female
a4717dc0-7301-4d90-a29f-d5d6cd36ef0b,Ritchie,Whyard,rwhyard9n@drupal.org,Male
47e4abbe-81fd-4185-8237-4e716461ec83,Franny,Sproule,fsproule9o@plala.or.jp,Male
d418acc8-5d74-464d-91e8-d28a0d8f6f01,Shayla,Holleworth,sholleworth9p@reuters.com,Female
f552db03-33bd-476a-b7ba-ca5d3372edd1,Yoshi,Figgs,yfiggs9q@com.com,Female
226856fa-dc79-4b85-a8b7-f0f582c572dc,Rustie,Guilloud,rguilloud9r@huffingtonpost.com,Male
c6f32646-620a-419e-a8fc-74fe84f1bda7,Emmett,Cleef,ecleef9s@baidu.com,Male
d7486f54-a747-403a-9885-a31f24eb8072,Irwinn,Dever,idever9t@infoseek.co.jp,Male
14906a3b-380f-4a88-b213-ea53b722d57d,Titos,Borghese,tborghese9u@wp.com,Male
d8a8e958-7a4b-45df-a7bb-a7ce45ab2229,Nestor,Samwell,nsamwell9v@ucla.edu,Male
ebff294e-c4c2-462f-bb24-05fce485c3b4,Yulma,Morten,ymorten9w@aol.com,Male
d449a8e9-3dc4-4142-ad93-80f888939a10,Mischa,Selby,mselby9x@sourceforge.net,Male
553d5a83-3aed-4937-85ea-c2fd71c362ee,Reyna,Simester,rsimester9y@wikipedia.org,Female
7c530afe-8fc9-41c5-907a-8c6bc1950444,Arley,Slyne,aslyne9z@shutterfly.com,Male
6dd765aa-56b5-4cdb-8035-b55958866890,Burnaby,Moquin,bmoquina0@dot.gov,Male
e02380e5-d79e-49b1-8e9a-27e0bb0e1f63,Ertha,Plummer,eplummera1@opensource.org,Female
d1e1ac6d-048f-4a40-b8c0-c1a8b14e2d0c,Orelia,Giotto,ogiottoa2@merriam-webster.com,Female
4580895c-36bc-452d-8872-26be550b5170,Talya,Beamont,tbeamonta3@1688.com,Female
261ac5ef-ba6a-45f9-8e66-cbbe0be2c4fc,Lion,Dabbes,ldabbesa4@npr.org,Male
5222648e-0b1e-469c-9a4c-49ec7a2dd2a4,Georgetta,Lindenberg,glindenberga5@skyrock.com,Female
09224250-24b7-49cf-a43a-1745d839cf0d,Isaak,Benneton,ibennetona6@dedecms.com,Male
88c823d5-0bf1-4250-babd-e4842d17c8f6,Willem,Vassar,wvassara7@yellowbook.com,Male
59bbddc4-5811-4d13-8184-dced859aafec,Raine,MacGinley,rmacginleya8@wordpress.com,Female
5c8f8bf3-5358-446f-bea7-0ba211a2eb3e,Danette,Bachellier,dbachelliera9@live.com,Female
e4f9a99a-b89f-4311-8566-58d434dd98ec,Hyacinthie,McLoney,hmcloneyaa@cloudflare.com,Female
d20df48c-0ac1-4f98-9e51-8a46af906e1a,Clemens,Handlin,chandlinab@nationalgeographic.com,Male
f70a7b1c-3682-43ab-89fb-2a1f94d73c5a,Lyndsey,Lamprecht,llamprechtac@ifeng.com,Female
b7e3e1fe-869e-43ad-92bc-8d3b0dd1c0cc,Brendin,Karolovsky,bkarolovskyad@state.tx.us,Male
5bb88372-cbcf-4082-b4f5-e372f6cc5f88,Eudora,Phonix,ephonixae@tumblr.com,Female
acf820b7-d856-48c8-8ffe-001eda174bbf,Antonina,Shapcott,ashapcottaf@theatlantic.com,Female
f4215cb6-0daa-4b23-a9cb-615f4a5f3ef3,Phillis,Koppelmann,pkoppelmannag@si.edu,Female
c0fb54a1-8eaa-42ae-baf5-aafc9b0f9302,Bari,Gedge,bgedgeah@thetimes.co.uk,Female
a88cdf7c-7f16-4903-b05e-6d1571222c63,Chrystal,Steele,csteeleai@loc.gov,Female
b9b21cd8-233c-404d-9feb-4df40eb05070,Llywellyn,Day,ldayaj@digg.com,Male
a9c81a21-2f1b-4bca-95ae-43d8b4d1f4d0,Claudell,Pargeter,cpargeterak@photobucket.com,Male
8dc3f390-55b0-4e99-8ecd-3a413e3e86f4,Earle,Kither,ekitheral@devhub.com,Male
2889676e-4ed7-4740-9498-ffe18fb4cb28,Gustie,Cristofari,gcristofariam@addtoany.com,Female
cde7914e-5bee-4f59-b455-4a76d6f0a4e4,Arte,Gammidge,agammidgean@taobao.com,Male
5a088180-1e3b-48bd-93db-17b312d775f0,Bertie,Skeleton,bskeletonao@pinterest.com,Female
67f7e876-f412-4104-9562-0680ba9b4df5,Teodoor,Cardero,tcarderoap@statcounter.com,Male
c7b3658d-56ed-481b-b771-9b19080ca594,Piper,Feechum,pfeechumaq@princeton.edu,Female
b2e2ac4c-4b0f-4197-a62b-5b9190c8ee98,Elvina,Pennino,epenninoar@weibo.com,Female
dc25e64d-33ae-4fcc-923f-fb4c884ed618,Shina,Bartoszewicz,sbartoszewiczas@furl.net,Female
4bab825f-bb6b-40ca-b697-270538898221,Harmon,Beaulieu,hbeaulieuat@free.fr,Male
5140d93f-84c9-438b-8f2d-933ea7df4b62,Bobine,Jirak,bjirakau@webnode.com,Female
750502f6-8cdf-4082-8ccc-1d8bfcac8a09,Parsifal,Laurenz,plaurenzav@scribd.com,Male
91ab9a1d-6e4e-48f2-9274-9e1e9f327000,Reginald,Riddle,rriddleaw@behance.net,Male
5efee56e-dd60-41bd-bfe4-bc65d7237c51,Jonathon,Doddridge,jdoddridgeax@eepurl.com,Male
1c5ae79a-c970-4f18-9c7f-cf0a65133cda,Dougy,Hendriks,dhendriksay@chicagotribune.com,Male
ed76a4e4-1637-4c65-9451-84483debc1ae,Cletis,Strettell,cstrettellaz@squidoo.com,Male
638a7aae-f501-44a1-a32d-060b8b5e8bcc,Meg,Duham,mduhamb0@discovery.com,Female
14085a68-d6ae-4775-aca8-2e70a73fc787,Holli,Grelak,hgrelakb1@privacy.gov.au,Female
612f39a3-f0b8-4c95-a8df-dd2db1c7f2c6,Corissa,Ozanne,cozanneb2@google.nl,Female
0a87f783-ffc1-4fd1-847d-5ea1deec6bb4,Rois,Gouley,rgouleyb3@cpanel.net,Female
b8314d09-4890-475d-a77b-9c988e1b1894,Noella,Hanks,nhanksb4@cornell.edu,Female
99e4404d-c954-427e-a752-a235b05e2265,Alana,Barhem,abarhemb5@europa.eu,Female
f616de7d-a22c-4317-a5e8-31f6a921c136,Dick,Goosey,dgooseyb6@ihg.com,Male
2f6b57dc-ddf9-40f4-a80b-4dc8c8b0b433,Carney,Yannikov,cyannikovb7@cloudflare.com,Male
fe48102a-263c-48e2-8ceb-a0251261d33a,Nicole,Mallett,nmallettb8@nasa.gov,Female
4b166ed2-b9df-4a90-afee-5426de948457,Ferdinand,Staddart,fstaddartb9@kickstarter.com,Male
7fa35d59-47be-4385-8e00-f4e4434ac34e,Jere,Shere,jshereba@tripadvisor.com,Male
dc5db060-2523-495c-ade7-30b303893c71,Fran,Aspray,faspraybb@lulu.com,Male
f3fefe49-fc40-42da-9184-8023917cd62b,Janetta,Kincey,jkinceybc@soundcloud.com,Female
665cb2ba-76cc-428c-9141-f0798e3ded6a,Poul,Shelsher,pshelsherbd@adobe.com,Male
4e998a7b-76e5-45bf-ae65-011b8f40b535,Warner,Worwood,wworwoodbe@lulu.com,Male
70b095af-fe47-4fc9-a6ba-6e88eaba98c8,Regan,Spawell,rspawellbf@digg.com,Male
35629c83-c69b-4f19-ba8f-24c06c370353,Merrie,Grassi,mgrassibg@go.com,Female
55b848e1-ba8b-47d3-b013-b9b1cbac1745,Israel,Ouldcott,iouldcottbh@mail.ru,Male
a0bf3931-8a5e-49c4-93e7-a6213fde1e40,Piotr,Djurisic,pdjurisicbi@pen.io,Male
ea309ace-91bb-4755-8188-00ca1aa89b62,Eliot,Wyant,ewyantbj@spiegel.de,Male
2d6b92a9-e4f9-441a-bbbe-86962f94a55b,Carson,Du Hamel,cduhamelbk@sogou.com,Male
b33a5c71-8ce1-4ee0-8221-d1b1596af6c8,Ephrayim,Lissett,elissettbl@tamu.edu,Male
5a90a471-f3c1-4197-862b-36afbe941167,Gavan,Kitchinghan,gkitchinghanbm@list-manage.com,Male
ca267bbe-6ef8-4dc2-84f4-134deb0dab72,Carmina,Alves,calvesbn@squarespace.com,Female
8c29e5ce-0f4f-4aaf-bfe9-60429c60587f,Bart,Kindleysides,bkindleysidesbo@ifeng.com,Male
590c9132-b32b-4049-899a-f4a6f72763b4,Reinald,Smithies,rsmithiesbp@mozilla.com,Male
8b8a2b57-d9e3-4016-9d26-573e05b29050,Nico,Dukelow,ndukelowbq@amazonaws.com,Male
1a40495b-ed1a-458e-83a3-1c6ede995c64,Chick,Haugg,chauggbr@paypal.com,Male
a5347206-ee2a-4241-a1f4-574a64959024,Billie,Samet,bsametbs@dedecms.com,Male
6923c718-aeaf-4466-a3f3-f970e2482f19,Alex,Bown,abownbt@is.gd,Male
358ca566-e264-4bd6-ac20-ce7ed393a512,Allissa,Gaddes,agaddesbu@constantcontact.com,Female
5ad40eb2-5817-41b7-bd40-6cac00649ca1,Vernon,Deppe,vdeppebv@cnbc.com,Male
f52141b9-29a9-4bd4-bf22-6e9ab26c6979,Marion,McCudden,mmccuddenbw@plala.or.jp,Male
006a0d3a-a16e-4529-bfd9-6489d47943c0,Mickie,Rase,mrasebx@google.nl,Female
addac1bf-d233-4595-bbac-94ef4d793283,Adham,Scoyles,ascoylesby@ovh.net,Male
3fbf0fc9-7fd6-4d11-a0a9-17f85d48f56b,Barnard,Jellman,bjellmanbz@blogs.com,Male
1ea1618c-8530-4b0e-8d6f-c3c98d34cf93,Edee,Tressler,etresslerc0@last.fm,Female
9d86896c-706b-4178-a1c1-f8d103242219,Natasha,McPhate,nmcphatec1@ucla.edu,Female
4521d33b-5114-4176-ab79-89f2225a80af,Lezley,Elwood,lelwoodc2@imgur.com,Male
4765e5ff-b91e-458c-89ac-5bff1c72345f,Madeleine,Mealand,mmealandc3@omniture.com,Female
d6403ff9-40cb-4646-8763-ace197bee05b,Gregory,Seczyk,gseczykc4@flickr.com,Male
290b7ab7-4ba5-409b-a215-b05d74c397cd,Coop,Martijn,cmartijnc5@zimbio.com,Male
15ed0add-0b07-4183-aaad-e9f9dfe59c87,Charo,Thorrington,cthorringtonc6@foxnews.com,Female
46b0b45c-0cb9-4839-95e4-8bed6f5f9a68,Dex,Shutler,dshutlerc7@gizmodo.com,Male
9ce6d73e-721b-493f-98e0-6b79db0f891a,Athene,Stops,astopsc8@people.com.cn,Female
b02edc70-f508-4893-b047-15235f6319e4,Syd,Fielder,sfielderc9@etsy.com,Male
56ed3a0b-6e43-4a72-aaba-b0f6279345d2,Josee,Elsmore,jelsmoreca@4shared.com,Female
516cf24b-48a8-4173-bdea-041b66fc5bfd,Miller,Frontczak,mfrontczakcb@indiatimes.com,Male
9227df85-ee7b-481d-b2a0-48c52d6376fe,Michelina,MacNeachtain,mmacneachtaincc@about.me,Female
045b6192-e04e-4a77-bd74-fb3972530ea8,Melisenda,Christoffe,mchristoffecd@dailymotion.com,Female
6bdfb1ab-01c7-4112-9392-8ecad6de652e,Romy,Renzo,rrenzoce@oaic.gov.au,Female
9b389828-192c-46a3-a93b-922ebafbccf4,Shay,Dreamer,sdreamercf@google.nl,Male
815b42ec-c0a0-48c9-9295-4c6bfc004d4f,Jonas,Attride,jattridecg@dailymail.co.uk,Male
445b8cb2-f2df-4146-a833-225a75f7c582,Ami,Cansdall,acansdallch@cnbc.com,Female
8332f3fe-3fd8-470c-ba59-36fc581c715b,Garrott,O'Cuddie,gocuddieci@is.gd,Male
34e56073-cd18-41de-8352-daeb9988f003,Galen,Bartoszewski,gbartoszewskicj@bloglines.com,Male
f752c086-43de-4d33-a243-6f5bb21959da,Bernie,Hassin,bhassinck@businesswire.com,Female
239dd539-3315-4453-b4b4-6dc5e478d9ce,Hamnet,Edlin,hedlincl@jalbum.net,Male
409d744c-7db8-4523-8b58-3b09b1412492,Jeffy,Backwell,jbackwellcm@google.ru,Male
5366c785-40ec-456c-97f5-24dceb84cf3e,Silvain,Brigshaw,sbrigshawcn@kickstarter.com,Male
9c7d6260-054c-4c25-8d32-c23907c3d718,Jeannie,Pane,jpaneco@wiley.com,Female
98f4980c-edec-4461-9dca-889d5094a464,Irwinn,Origan,iorigancp@ocn.ne.jp,Male
4e83925f-abd3-411c-b48b-27a1208f0dee,Lawrence,O'Drought,lodroughtcq@netvibes.com,Male
2797129b-3adb-4b7f-bd26-96ed25fa5956,Thadeus,Tither,ttithercr@google.ca,Male
89607937-63c4-4bae-8e16-98531d4b3e17,Ari,Kissell,akissellcs@cyberchimps.com,Male
b4523f1b-fecb-47fb-8a13-17ccdb9b5af0,Zulema,Guyton,zguytonct@nytimes.com,Female
b479b39c-3287-4142-b955-270f1a1ad914,Tess,Paler,tpalercu@com.com,Female
f53d454f-f924-4007-89dd-304832145c2b,Verine,Urion,vurioncv@wiley.com,Female
53517584-616e-4569-b407-8a13146dd166,Solomon,Mugridge,smugridgecw@home.pl,Male
9daeeb22-9646-4cd0-a803-0f70a6955e78,Rex,Guidera,rguideracx@fc2.com,Male
bb886125-adc7-4e8a-b7c4-80d501d5a056,Dagny,Bircher,dbirchercy@so-net.ne.jp,Male
ace986b7-ad33-4caf-be19-488671c5064a,Joyann,Lumsdaine,jlumsdainecz@dion.ne.jp,Female
6a18d72f-90df-4762-a881-43c844ef8736,Dalt,Ridd,driddd0@nbcnews.com,Male
4b0866df-6f86-4017-8562-e512206e82d0,Cyb,Leaburn,cleaburnd1@dyndns.org,Female
49875aff-7521-4546-821d-d310a5890109,Nico,Clingan,nclingand2@boston.com,Male
729d2f8e-371d-499e-8ca6-173c80881271,Brenn,Trubshaw,btrubshawd3@nytimes.com,Female
ef2a5457-0b01-4830-9d5b-840544204c35,Randell,Pimmocke,rpimmocked4@1688.com,Male
8262a3ac-7d31-40cb-88f1-73e054771426,Job,Meriel,jmerield5@vkontakte.ru,Male
e15f6ab9-ca4e-4f5a-a466-264bcf99be9e,Tracey,Cornwall,tcornwalld6@microsoft.com,Male
91c51346-e29c-47d3-894d-645ffa3260ed,Goldie,Bardwell,gbardwelld7@people.com.cn,Female
429e05f1-54c3-4bf3-bacf-6dca9777aefa,Aloysia,Ladson,aladsond8@home.pl,Female
08f6c9c3-2a5c-45b2-98e0-60c1be60e08c,Melinde,Echallier,mechallierd9@un.org,Female
ee2d326c-85b4-4068-b6d8-ff179cee53e9,Jeremias,Dozdill,jdozdillda@paginegialle.it,Male
d43b771e-1f6c-4b01-9d9a-2eaf01917e23,Inness,Pavlik,ipavlikdb@qq.com,Male
bf16e1d1-d522-4b8e-975f-277da83a34b9,Deeyn,Scrimshaw,dscrimshawdc@yelp.com,Female
750e3eed-398a-4195-bd8b-80d25c5038ed,Debbi,McSherry,dmcsherrydd@over-blog.com,Female
1e8cacc8-a217-4bc5-a646-0a89b9578c42,Odelia,Mc Andrew,omcandrewde@amazon.co.uk,Female
a40d0838-3933-4f23-8c81-4a461e8b5343,Kora,Walkingshaw,kwalkingshawdf@imgur.com,Female
ae26b541-706d-4d98-ab61-6e3515f5bc8d,Fernando,Albinson,falbinsondg@freewebs.com,Male
eb086eed-fec8-4181-89d8-6faefa7c6908,Correy,Coite,ccoitedh@alexa.com,Female
af961c83-b76d-4997-9773-354b5aec9289,Ashli,Buggs,abuggsdi@xrea.com,Female
25aa607a-be44-48ba-af83-06fe78e5673f,Iver,Le Monnier,ilemonnierdj@unicef.org,Male
58eb37c4-aa72-4722-a29f-6e6dfee1a1f7,Raviv,Winchurch,rwinchurchdk@europa.eu,Male
953be0ef-a4e4-43bf-ace4-6ec31dffc498,Jemimah,Headey,jheadeydl@salon.com,Female
f0d88688-9463-4568-bf9d-4c30d140115e,Hayward,Crayton,hcraytondm@live.com,Male
eb52875f-c05b-4831-8954-8dc6142f3374,Constance,Rayhill,crayhilldn@weather.com,Female
6a14966c-6ba7-4eae-9868-c3ff193e2fdd,Averill,Bartoshevich,abartoshevichdo@mozilla.com,Male
895bbcda-a0f8-4cc3-9335-631ad0373186,Giselle,Kipling,gkiplingdp@ted.com,Female
b4c1b21b-1dd5-4de5-a1ae-f465179803cb,Lib,Olexa,lolexadq@sakura.ne.jp,Female
c0776c2c-4395-4e81-8586-d7a2ab10f65f,Alexio,Verrechia,averrechiadr@t.co,Male
c1fc2a4b-bcf8-454d-a9ba-9cd34241486e,Boycie,Churms,bchurmsds@cnbc.com,Male
3fe48b9f-eb73-4baa-b237-6a74efa4ca2d,Obadias,Cory,ocorydt@infoseek.co.jp,Male
4dc1da0d-89a0-4a75-aeeb-fc73438e3a7b,Lem,Life,llifedu@newsvine.com,Male
1bc7bf43-4cd7-46a2-b008-bce563fe6b46,Queenie,Bisseker,qbissekerdv@netlog.com,Female
c71a9988-8013-471a-bbbb-68e6286387aa,Marie,Kershow,mkershowdw@merriam-webster.com,Female
14e71416-a4ad-4033-a770-481ff2c5e8c5,Petronilla,Hukin,phukindx@about.me,Female
c9935dcb-a476-40d7-94b2-6c4554f049e8,Hube,Goldine,hgoldinedy@psu.edu,Male
6f89ecb0-6c21-43d4-8c92-799cbc6a174b,Rik,Stallworth,rstallworthdz@nyu.edu,Male
0c030712-3ce6-4de1-b612-9b483f64f010,Janella,Sallis,jsallise0@wikimedia.org,Female
e0ec9361-7a2f-43e2-ac7c-197d129df567,Griffy,Daveren,gdaverene1@aboutads.info,Male
d91eb533-1482-4adb-b468-6b247f13a9da,Pearla,Glasscock,pglasscocke2@un.org,Female
0aad87a8-308a-4136-90d8-86b717b44cea,Morna,Hacaud,mhacaude3@gov.uk,Female
df1340da-90a2-4898-9227-60912f132336,Claudina,McKimmie,cmckimmiee4@theatlantic.com,Female
ff9adef2-26cd-4fe4-a9ec-2e4b1a9b9f72,Raddie,Jizhaki,rjizhakie5@myspace.com,Male
81a5005b-36a2-4ae1-abd2-db66d3c15ecb,Jordan,Shoveller,jshovellere6@princeton.edu,Male
854de886-b839-46d1-9793-b686d6b92998,Miguelita,Pennock,mpennocke7@pbs.org,Female
b5d6eea7-475b-4d20-ae89-ed050323ed42,Arni,Vanyakin,avanyakine8@hao123.com,Male
7d1df740-fb9e-434b-95ed-4295c03c4923,Sly,Humburton,shumburtone9@goo.gl,Male
39e55504-c8bd-4bee-8d85-8d92a9b9f084,Valina,Fassbender,vfassbenderea@meetup.com,Female
840edfcc-f9e6-4e46-acbd-24e516ab505d,Adelheid,Petracchi,apetracchieb@cmu.edu,Female
6f0c37e5-b14e-4cca-8ab3-bcbf2c9ad97f,Lanna,Ridder,lridderec@php.net,Female
23ecdcd2-a113-4a2e-a404-036ebb5d00f2,Meredith,McKeady,mmckeadyed@blinklist.com,Female
53c5a597-0f70-4852-8b2b-c969e4a185d0,Clio,Sego,csegoee@wufoo.com,Female
8d44e9d7-85da-4929-87d2-53f82b837036,Drusy,Girk,dgirkef@wired.com,Female
7007aca4-350e-4cea-8bce-c03475ead0c8,Darbie,Fleg,dflegeg@economist.com,Female
d4cfe9ef-dd4d-496d-b562-b2a8f36a33c0,Waylon,Galbraith,wgalbraitheh@macromedia.com,Male
6932c233-d2b3-4078-a16a-7b8730d99373,Lianna,Alkins,lalkinsei@1688.com,Female
e618e592-ff8a-493a-92c1-cf1df9daf02e,Jordan,Challener,jchallenerej@ucoz.com,Female
be569f1d-3aa4-4346-b4f9-dabdc0789d3d,Lynna,Cossor,lcossorek@mlb.com,Female
eb509777-edfd-4180-8c84-b6d14dd30885,Silas,McQuie,smcquieel@disqus.com,Male
81d09556-c2b8-4fd5-b4ef-b7a6928e702b,Gwenneth,Wisniowski,gwisniowskiem@amazon.co.uk,Female
442d241d-c89e-4e75-88a5-cdb439bf533e,Bab,McNickle,bmcnickleen@oakley.com,Female
1854a293-34fc-45d4-a7f8-15c63979b698,Brittan,Gonnet,bgonneteo@360.cn,Female
ab416626-c85c-4f4b-8368-ed6808d167ba,Emylee,Horsfield,ehorsfieldep@baidu.com,Female
2237cd55-5a1b-442c-a80c-fbe695b41ab4,Wash,Robathon,wrobathoneq@deliciousdays.com,Male
c8c1797f-1674-453f-8b39-fff3d80245db,Avril,Hussell,ahusseller@alibaba.com,Female
9735d679-2dc7-478a-b2ff-56abb3310e54,Damon,Alston,dalstones@linkedin.com,Male
f2c276dd-50c2-434f-9f5f-875c31f9d56e,Marchelle,Shedd,msheddet@paginegialle.it,Female
87e5f126-ec2b-4e5b-9665-3b0b4b1ae478,Colan,Birkwood,cbirkwoodeu@un.org,Male
9dbc6514-4c9c-4c7f-ac4b-e8871527759e,Redd,Blackhall,rblackhallev@zdnet.com,Male
cc54b9f8-b89d-45ac-a2fc-d996faf83946,Salli,Liverseege,sliverseegeew@themeforest.net,Female
fe0c112b-9991-4ccb-9609-cbec1ab5994a,Egbert,Yarmouth,eyarmouthex@illinois.edu,Male
c8d080c2-b001-4163-97db-29a2cbee4756,Wolfy,Dunsire,wdunsireey@digg.com,Male
b27963d6-fa18-4894-b8a5-f542d9bbc8fb,Berti,Halstead,bhalsteadez@slate.com,Male
cd0ab11c-f6a2-4283-930c-8e9343c71629,Mal,Scholar,mscholarf0@nih.gov,Male
521b48d8-a051-4743-9765-bb2fecd16fcc,Ronna,Kagan,rkaganf1@tmall.com,Female
5a118527-f8bf-4c7f-afdf-0612355afbc6,Buffy,McGuiness,bmcguinessf2@businessweek.com,Female
f8c0a3ea-dc9f-4bb6-b6f9-0c3cdf75f534,Bordie,Oakman,boakmanf3@live.com,Male
0c4f1f47-b563-465e-b1c7-b64c5985f8fb,Slade,Drissell,sdrissellf4@parallels.com,Male
992d073d-f44b-4b55-9508-b36eee5969a0,Lynnett,Lyffe,llyffef5@hugedomains.com,Female
d92e1e82-2f4a-4c9d-b73f-05922c28505b,Marijo,Tuther,mtutherf6@seattletimes.com,Female
1c7cc871-f7dc-4671-81f5-52f06d685da5,Roslyn,Vaan,rvaanf7@mac.com,Female
ee16d758-efce-4898-8aa0-9b9e23f4d612,Pancho,Worsam,pworsamf8@sfgate.com,Male
007933e3-65db-4ae2-a319-cfc4c059eabe,Isidore,Creighton,icreightonf9@tuttocitta.it,Male
87265d39-e617-4263-a903-8cdbbca1b4d5,Bax,Matten,bmattenfa@ucoz.com,Male
758a3005-6ff1-4a87-a76f-e0d1d6ab0650,Marguerite,Wattins,mwattinsfb@microsoft.com,Female
88327f8f-5c97-4055-b905-80bbedfb8733,Zerk,Filipputti,zfilipputtifc@microsoft.com,Male
a5e1f1b6-ac30-4134-8938-b6eea128f144,Joseito,Emer,jemerfd@shareasale.com,Male
47176a41-dd95-401d-9aff-9c0e977fa0b4,Vaughn,Wrangle,vwranglefe@arstechnica.com,Male
f6b0eb81-29c9-49ba-95fe-d9d46bb66ca9,Joelie,Stebbing,jstebbingff@myspace.com,Female
abb6bbad-6a6d-482a-ab62-d6f708d611d3,Clareta,Pyson,cpysonfg@scientificamerican.com,Female
a69bca33-8193-4516-bf1f-3ec68e1e6a84,Darrick,Clapton,dclaptonfh@friendfeed.com,Male
b8a45146-68af-416c-b592-217b9a98b4f5,Bartlet,Gapper,bgapperfi@comcast.net,Male
d554bb62-6808-45a9-9294-bc7a248e4ad6,Pavlov,Reyna,preynafj@yellowbook.com,Male
37554055-917d-4abf-a05e-bae45034a1dd,Stafani,Elt,seltfk@people.com.cn,Female
d2e17b1d-66c7-4ae0-ba15-f97774cac4cd,Rolph,Shellum,rshellumfl@cbc.ca,Male
a0d896d8-ff41-4920-bae6-a828391c9a95,Phedra,Francesconi,pfrancesconifm@gmpg.org,Female
cd12bc4f-aaef-4cd6-83c5-7a174ebffc0a,Cherish,Willerson,cwillersonfn@woothemes.com,Female
b4a2cae2-3b68-4b03-ae03-a45cd4b87bf9,Newton,Culshew,nculshewfo@hubpages.com,Male
3b8816fd-a772-49c8-ad90-24ecc510693f,Nial,Huegett,nhuegettfp@fc2.com,Male
4759da65-77d5-4ec3-a1be-dde47fc77b11,Sigmund,Buff,sbufffq@google.de,Male
97bf4cca-1952-4309-9e7f-dc410a5921e8,Marmaduke,Bowlands,mbowlandsfr@eventbrite.com,Male
2c3acdb8-90c4-441a-8884-f0de779dfc50,Agathe,Cardinale,acardinalefs@china.com.cn,Female
9e0331d6-b5da-4623-aef6-cf7036d5501d,Pren,Cassidy,pcassidyft@netvibes.com,Male
0390c576-d2b9-46dd-a9c8-3f2a4ec30763,Saul,Nutty,snuttyfu@vinaora.com,Male
4b56b2c1-6407-4fa9-b615-14fcef7e52b6,Peggy,McSherry,pmcsherryfv@4shared.com,Female
14338de7-3a60-4688-97a5-984cee97ecba,Theressa,Jopson,tjopsonfw@craigslist.org,Female
0fc33c7d-9533-477d-b185-9a7fc550a475,Carver,Dasent,cdasentfx@tuttocitta.it,Male
90f2eded-f1dc-4b0b-b2a8-7a4c258c35a3,Ferd,Gillum,fgillumfy@opensource.org,Male
4c48fd59-7392-4fc0-a503-fe6f5cb920da,Jedidiah,Gamett,jgamettfz@psu.edu,Male
366362aa-84ea-409b-b1da-385a45052ee4,Sarette,Biggar,sbiggarg0@drupal.org,Female
7fc825f6-2c5b-42f4-8e48-4819ae8e57a0,Hazel,Grigorian,hgrigoriang1@twitter.com,Female
05aaba34-c111-4950-b53f-5a96832f710b,Hillel,Quinion,hquiniong2@diigo.com,Male
ab469dda-34cd-47c3-959e-f737c8ff131e,Gayleen,Celier,gcelierg3@wordpress.org,Female
d241db8a-9b45-4430-bc78-f09b2ab31354,Martica,Kurdani,mkurdanig4@storify.com,Female
48213658-1405-4731-8a61-5ebfae0d794e,Mala,Ramstead,mramsteadg5@msu.edu,Female
24952aea-f25c-4d4b-bf66-ec6af5d31d38,Wilmer,Smorthit,wsmorthitg6@engadget.com,Male
8ac5e6cb-b8b1-4c49-b96c-6f81e1bb8420,Nadine,Molineaux,nmolineauxg7@thetimes.co.uk,Female
bfc89a0f-056a-4964-adc1-6760e96ccbf3,Lainey,Feige,lfeigeg8@google.es,Female
0b88b6fe-b05e-4a90-aa02-d2307a97c4ff,Lynnette,Harle,lharleg9@mail.ru,Female
929296c7-138e-4e3d-b2a5-ac3d622e8f24,Abrahan,Ezzy,aezzyga@squarespace.com,Male
467396bc-2f88-4c29-82ac-727f7129fa0f,Correna,Blasetti,cblasettigb@alexa.com,Female
c1ebe3ec-a287-4f01-a26f-625392c6b3af,Elissa,Kinneally,ekinneallygc@uol.com.br,Female
97a68256-5afa-4a62-a0d2-ffb31ce19fe9,Lilllie,Tomankiewicz,ltomankiewiczgd@acquirethisname.com,Female
e81cc6d1-8c77-42d6-a51f-ca08c80bbd6c,Padraig,Melluish,pmelluishge@weather.com,Male
1041bb84-49ff-4b9f-bb1d-959a028bebf2,Jobyna,Mattimoe,jmattimoegf@soup.io,Female
dcf3e3c1-f837-4dbc-878e-cf5f90ae7a78,Stephani,Bartolic,sbartolicgg@japanpost.jp,Female
63861d2a-8351-4d66-823f-ebe2199dbfa4,Berte,Athridge,bathridgegh@paypal.com,Female
7812155e-4c34-4e7c-a5be-d655bfed9e1d,Jolynn,Twelve,jtwelvegi@mapy.cz,Female
15c20eb2-c8fb-4ddb-a847-a174d2febc50,Michelle,Bramo,mbramogj@youku.com,Female
4062c89a-4113-49b1-ba27-a2fcf6a320d4,Marsh,O Sullivan,mosullivangk@google.de,Male
b3964a6f-043a-4b06-9fc7-08c2771708f7,Duffie,Dowling,ddowlinggl@ed.gov,Male
5585e1fe-4936-4516-987d-46a74267571e,Berget,Dresche,bdreschegm@arstechnica.com,Female
7131bc79-f9b0-4560-90d8-bb921efe075a,Ellissa,Stranaghan,estranaghangn@hubpages.com,Female
6cfca11b-85cd-4405-b22b-55078fc702ae,Louella,Best,lbestgo@si.edu,Female
29f7c4e2-e2f6-47e5-b493-cbe8628ed37b,Evelin,Penas,epenasgp@usgs.gov,Male
e1dbdaa5-bbd8-43aa-8d12-e90789ebc843,Woodie,Blaydes,wblaydesgq@istockphoto.com,Male
a1cf0cf4-ea2d-476b-acf9-5bb44ec9ff6b,Irvine,Bansal,ibansalgr@sciencedirect.com,Male
083de8ff-01f6-4c89-bd94-d27c662f0ae8,Sherwynd,Carnelley,scarnelleygs@ibm.com,Male
f729894e-27b3-4b3e-8394-a723198fc262,Way,Ogglebie,wogglebiegt@globo.com,Male
8c21f7b0-89dd-4690-9bb2-efbe827b9f84,Britt,D'Enrico,bdenricogu@devhub.com,Male
e13e976b-6223-4f36-adf6-a293db30fb10,Elroy,Orritt,eorrittgv@fda.gov,Male
43218363-366c-4c4b-93d4-1d456ac73f43,Rey,Falkner,rfalknergw@ihg.com,Male
d278d2e6-de72-4e2a-a8b3-2e164bbae223,Susanna,Bayston,sbaystongx@shop-pro.jp,Female
f8088a9d-657b-4fc9-ba3b-f1ba699573ea,Tedda,Glinde,tglindegy@yelp.com,Female
866ab2a2-6420-49e7-a081-ecf20343013e,Merle,Delieu,mdelieugz@cargocollective.com,Female
587424df-75bf-4b20-b607-6929d6e9e962,Evy,Shillabeare,eshillabeareh0@techcrunch.com,Female
aeebae43-71b8-4a5e-b278-60fc3845a480,Sherye,Boxill,sboxillh1@histats.com,Female
cc753d82-c878-4a24-9ce8-4642391f837e,Lewie,Muriel,lmurielh2@wp.com,Male
2d0cb6e1-4446-4863-884b-a9421b07cdb6,Devy,Kennelly,dkennellyh3@huffingtonpost.com,Male
fe912aae-6b0b-42fb-8c03-2b79db6d9675,Damiano,Greensitt,dgreensitth4@tiny.cc,Male
caacdd05-ecbb-48d8-bbc0-53df83a555b7,Herta,Sperrett,hsperretth5@uol.com.br,Female
5fe13981-712a-43a8-b14c-0e17cedff0e8,Frieda,Cawtheray,fcawtherayh6@amazon.com,Female
db98d0b8-6e9e-4d0f-9221-1e2d54b8a663,Curtice,Trayes,ctrayesh7@wordpress.org,Male
6396155a-77b3-4f0b-ac22-98f2b17bf121,Wren,Rubrow,wrubrowh8@yellowbook.com,Female
c48e82f5-fa2a-4c7b-8dc3-3ef7a9115c50,Marion,Sebright,msebrighth9@cloudflare.com,Female
cbe2712f-be27-4e35-ae6e-74c439201d94,Bobby,Norway,bnorwayha@mysql.com,Female
1ce4f1f3-f35d-49a6-b42f-07aa005fdc6d,Vite,Hyndes,vhyndeshb@lulu.com,Male
4b26b77b-0fec-495c-842f-afc3acd00862,Aldric,Rickardes,arickardeshc@miibeian.gov.cn,Male
80352e57-2664-4ac5-a21a-ffb49a6fa946,Lexie,Wakelin,lwakelinhd@cornell.edu,Female
bd5e47bd-cc28-4fa5-ab94-cc1a8568711f,Olwen,Benallack,obenallackhe@google.com.au,Female
c367840c-22e0-4261-8dd9-5a75a18dcd90,Kissiah,Gantzer,kgantzerhf@globo.com,Female
8d6deddf-13fe-43af-90a9-f1c0c3dd5159,Bo,Szymanzyk,bszymanzykhg@shareasale.com,Male
e16c8f5e-4479-4a99-8082-020e9afcc64d,Cleavland,Murkitt,cmurkitthh@blogs.com,Male
637e75ae-d3ea-428c-b0c3-82c44be1126e,Marni,Notley,mnotleyhi@salon.com,Female
5e6f8499-45c9-4f45-995c-6b9a53867da3,Consuela,Serjent,cserjenthj@sciencedaily.com,Female
5a346a1f-6ba0-4467-9f7f-f6f3a7ef1501,Meris,Snailham,msnailhamhk@ifeng.com,Female
44fa7fcc-b155-4598-91b1-287ebf81ea3b,Orin,Baldacchi,obaldacchihl@trellian.com,Male
d370a431-f516-48d2-9917-9349a8bd0948,Meredeth,Stokoe,mstokoehm@trellian.com,Male
ba05b0bb-1ed5-434d-9c7b-0bbcedc3f1ff,Rosalind,Adamski,radamskihn@seattletimes.com,Female
71680ef6-c047-4f26-a6dd-b57348c6f09c,Codie,Konerding,ckonerdingho@amazon.com,Female
bd3c8693-3ac5-4bb9-a608-d838796a2783,Germain,Gietz,ggietzhp@samsung.com,Male
879385b7-bc0d-4292-bb61-df483cf95d17,Barret,Cockrem,bcockremhq@gmpg.org,Male
67e2492f-b8fe-415e-9882-56295869d345,Corabelle,Dearnaley,cdearnaleyhr@github.com,Female
8ef989c7-895a-4152-852a-202b70d2c5b4,Lloyd,Mudd,lmuddhs@yahoo.com,Male
f6d3f97a-9c2a-4861-ba5b-83d1c4ba7708,Husain,Ducker,hduckerht@wisc.edu,Male
9996f32b-07b3-4e0b-9967-d4ff57f84ac9,Clywd,Mountford,cmountfordhu@go.com,Male
c4ab6e98-a00a-4449-afe3-f7f46afd5c4d,Torrence,Sparry,tsparryhv@list-manage.com,Male
6754528d-24f1-487b-87e9-1010f9353232,Olympie,Russilll,orussilllhw@java.com,Female
a5d5d3bf-2a7b-43d7-80ec-f393ca21e956,Henderson,Mordecai,hmordecaihx@google.de,Male
b02f22e8-4ec1-4c15-ac84-67010aff6995,Kearney,Sharpe,ksharpehy@facebook.com,Male
6d398168-65a8-48b1-bd95-3bc0b0801030,Sloane,Pioli,spiolihz@msn.com,Male
51577c82-7300-4183-9d43-ba224f4082e2,Dorelle,Vose,dvosei0@loc.gov,Female
379bf605-e966-4908-82c3-fda9c871071d,Evangeline,Bibby,ebibbyi1@dedecms.com,Female
4b423627-6be4-42bb-bbc1-02ae516cd6b9,Alli,Goscomb,agoscombi2@bloglines.com,Female
08ff1f8b-e565-4f74-bc90-305f645d2eba,Gaven,Wear,gweari3@ed.gov,Male
7af95166-c51f-470d-951c-b3e8e80fb06d,Christian,Leathley,cleathleyi4@usgs.gov,Female
15d441e7-863e-4cf4-ba45-07aa2ed11e34,Currie,Coning,cconingi5@miibeian.gov.cn,Male
6c1873c6-873c-434f-9c72-3d3819c2d6ef,Cordy,Pasterfield,cpasterfieldi6@bloomberg.com,Male
716efd82-0e7d-49a9-9560-8e6beafd8c6d,Thorn,Serjent,tserjenti7@smugmug.com,Male
605dd26d-9cf4-4678-9945-8993ba5525eb,Pepe,Gainsborough,pgainsboroughi8@miitbeian.gov.cn,Male
29812037-5a87-4a99-be76-f6cd0f2f94c9,Emelita,Beszant,ebeszanti9@imgur.com,Female
b66470cd-387b-4d1f-87c9-63a498d4800b,Donica,Londsdale,dlondsdaleia@toplist.cz,Female
e1695988-8e6d-4e33-8986-b1d5326f999d,Hilde,O' Bee,hobeeib@newsvine.com,Female
5d19f704-30e2-4b9b-94fe-452059596e84,Margery,Dilliway,mdilliwayic@arstechnica.com,Female
c3fe07ee-2029-4c81-9ff9-2979f93f56ba,Arleen,Treuge,atreugeid@nsw.gov.au,Female
3c870846-6160-4b50-8426-7d243ed29f82,Leena,Gilleon,lgilleonie@infoseek.co.jp,Female
02b8638e-6032-4360-8f29-ab2bebf9b80f,Gwenneth,Jellicorse,gjellicorseif@engadget.com,Female
35e85295-44f1-4dcf-94b0-c862aca3eeb7,Purcell,Corryer,pcorryerig@java.com,Male
3e011fc1-a67a-4c86-aaec-0ceabc2aad5e,Margery,Domenici,mdomeniciih@hibu.com,Female
5ae420a7-16a2-4f81-a140-f8a44623f8ce,Ulrikaumeko,Lawee,ulaweeii@csmonitor.com,Female
7da329fd-e98b-4867-9cc1-b119f3c68da6,Ray,Vaskov,rvaskovij@blinklist.com,Female
38847492-6182-4f10-adc4-41af1807666f,Jobey,Belone,jbeloneik@zimbio.com,Female
ea3d1a52-40c8-4efc-85fa-d61444abe5d1,Tommie,O'Murtagh,tomurtaghil@mediafire.com,Male
33199f3c-2377-4c5a-96bb-7600c2034a17,Sauveur,Holworth,sholworthim@naver.com,Male
b3ff5e60-2980-493e-ac1a-0d0ed4076c97,Garnette,Reach,greachin@yelp.com,Female
298fd9f8-f1dd-4a5a-ba49-53fd1ebc3965,Karlan,Lamers,klamersio@weibo.com,Male
5c856e9c-3e4f-4f54-8338-9ab022e93af6,Max,Bernardelli,mbernardelliip@sun.com,Male
4f142fb0-7241-4801-a3dc-a3c035c86149,Georgina,Shirtcliffe,gshirtcliffeiq@gov.uk,Female
34943a68-f84c-4de4-bfe2-155f766ad751,Dave,Carneck,dcarneckir@fotki.com,Male
826968e5-449d-4c82-90cf-22d60d2e6729,Cleve,Dunridge,cdunridgeis@sogou.com,Male
72f0daf6-7025-4225-b277-8d9e66694a61,Kenneth,Magwood,kmagwoodit@ehow.com,Male
3f8d39df-3dfa-4f19-9ec9-6d3ef258ed6c,Kira,Franchioni,kfranchioniiu@icq.com,Female
b941fcde-6f68-4690-a6c9-a287fd1b8ce3,Leslie,Meenehan,lmeenehaniv@utexas.edu,Female
a9f69616-10ee-40da-825d-cc4af893932f,Julianne,Drillingcourt,jdrillingcourtiw@tripadvisor.com,Female
07a8aba0-d85f-49c7-be0b-416ba079168e,Patsy,Parfrey,pparfreyix@lycos.com,Female
84ce93fc-23de-4964-a5f1-2778f648bd80,Melina,Pagon,mpagoniy@sakura.ne.jp,Female
11567729-8451-43d4-82d7-6a146ead98b9,Wolfie,Valentine,wvalentineiz@dmoz.org,Male
a4a3a325-6e75-4b98-9a5a-ab91e6e8b0df,Haley,Cossor,hcossorj0@bizjournals.com,Female
8eea7ed8-c46f-4a49-ab4c-7bbdf938ace1,Gregoire,Threlkeld,gthrelkeldj1@51.la,Male
6ab3cd62-6aa6-4636-9ec8-c792d228fd60,Meir,Earl,mearlj2@house.gov,Male
f90089e6-6025-4510-b384-f03270a16af3,Gilbertina,Charity,gcharityj3@archive.org,Female
5799e758-14bf-4600-8ef8-aadb433726b0,Ramsey,Cosans,rcosansj4@ask.com,Male
00dac974-490a-48f0-a786-8e4023721c88,Uri,Scammonden,uscammondenj5@newsvine.com,Male
445f95a6-813f-4f58-8b1b-7724abaf5b5b,Maxi,Radsdale,mradsdalej6@ovh.net,Female
0993afac-b772-47d2-b2bd-054b1d8acbcc,Gilberto,Hilbourne,ghilbournej7@imdb.com,Male
660ebe53-d355-43f4-9786-5caabb08960c,Corinne,Filippone,cfilipponej8@ustream.tv,Female
543f557f-a053-4b70-b45f-ca8de2f80c7a,Jeanine,Jerisch,jjerischj9@umich.edu,Female
0645ca97-836b-4abf-9196-fc2eee829511,Sawyere,Brewis,sbrewisja@networkadvertising.org,Male
d83ef888-16b9-4b19-8e9a-404c7cf403b7,Shirlee,Charlesworth,scharlesworthjb@jalbum.net,Female
6207d217-28b5-4b0d-a81e-90a72d639596,Kathrine,Kohnert,kkohnertjc@cmu.edu,Female
e1d1580e-9532-4b5c-852f-42c059b56f33,Maegan,Schulz,mschulzjd@gizmodo.com,Female
027d214d-81e7-441b-b3d1-d834ba9d0043,Audrey,Gullivan,agullivanje@naver.com,Female
259229c7-76f5-4edc-bf67-d979fc06f7bb,Patty,Aimable,paimablejf@blogger.com,Male
8e2480a9-08cd-4548-a263-d69909e7b6f8,Kiah,Cokly,kcoklyjg@smh.com.au,Female
63a81c74-2ab7-425f-8124-516e3255ec70,Phillipe,Mattis,pmattisjh@comsenz.com,Male
5b00066d-7f4f-4e1a-a4fe-9f4638a51990,Gregorius,Nulty,gnultyji@example.com,Male
8791223e-0efe-468b-8d49-4c48211f8adc,Dunstan,Pryn,dprynjj@4shared.com,Male
3eb77dd0-b6bd-46dd-9c26-995504808079,Wilt,Jarmyn,wjarmynjk@nature.com,Male
b74abc65-8da4-48b9-985b-cba9e0a73063,Konstantine,MacGillreich,kmacgillreichjl@squarespace.com,Male
aa76ac2a-2676-44ee-9e05-049adf0a541e,Darryl,Gregon,dgregonjm@reuters.com,Female
33d9fa7c-f625-4170-96fd-d67a7a34c176,Valerie,Gotcliffe,vgotcliffejn@adobe.com,Female
c7fb480d-c430-4fde-930a-c11ad8530a61,Norry,Sibery,nsiberyjo@myspace.com,Male
bc782d93-2efe-49ea-b05d-bd09264e33e0,Corissa,Bramstom,cbramstomjp@loc.gov,Female
63fa4f6d-60d7-459d-a0cb-d5ea203e3754,Onfroi,De Rechter,oderechterjq@1688.com,Male
9836baec-3775-4e39-b723-51a1fba34a10,Mignonne,Benedetti,mbenedettijr@cnbc.com,Female
f333d7a5-3d54-4870-a6a0-c60bfa0aea3c,Sherilyn,Christol,schristoljs@deviantart.com,Female
3ed8bafe-8757-4a24-94ef-2e02af6316d7,Cointon,Prescott,cprescottjt@home.pl,Male
ad4ff8bf-4aa4-4a60-baba-65175ebdf0a3,Glenn,Reeders,greedersju@army.mil,Female
f5841a3e-0bda-40df-afb5-95ca4cac41bf,Henry,Vellender,hvellenderjv@irs.gov,Male
bbf8a8e9-c3c1-42bb-8496-fc8e94db2d06,Carly,McGow,cmcgowjw@gmpg.org,Female
a386d23f-a430-4c97-97ca-09a903443227,Cicely,Opdenorth,copdenorthjx@printfriendly.com,Female
6a383992-73c8-4376-861d-6e9b4ea07fff,Saba,Hutchence,shutchencejy@nytimes.com,Female
36d5d769-9e3d-4207-a22d-93e5dceac0c4,Lonna,Tomlinson,ltomlinsonjz@oracle.com,Female
7ed028e5-499e-4897-9c32-2e2ac50ed60e,Ignacio,Lidgey,ilidgeyk0@google.de,Male
61dbb5f9-5506-41e7-8d69-779177617318,Dinah,Lots,dlotsk1@reference.com,Female
d1ff360e-2d79-4596-902c-f9ff2a0a3b3c,Gabbey,Tomaselli,gtomasellik2@last.fm,Female
979a99d0-7df3-43df-b7b6-0dccb7fb75bc,Daffi,Catlin,dcatlink3@hhs.gov,Female
ce4c3b96-d2a1-4e78-8ae3-33797257932f,Nicola,Kingaby,nkingabyk4@marriott.com,Male
00ce789b-0ecd-4215-a998-ea4a32928013,Agnes,Burdoun,aburdounk5@desdev.cn,Female
d029ebf1-f89e-4844-bfc2-479fe19d6417,Pietra,Tivolier,ptivolierk6@elpais.com,Female
f0f0f273-238f-4141-a41b-ca59523f9aef,Marci,Easlea,measleak7@imageshack.us,Female
e8b2d2c0-7d36-4c9e-95aa-8bdd8aedc185,Kelley,Caughan,kcaughank8@bloglines.com,Male
a98c6b1c-ef6f-4475-8936-394c7b8442ff,Tanitansy,Beadles,tbeadlesk9@mail.ru,Female
e47d60b0-249f-4492-8942-eba4caf30060,Court,Kingcote,ckingcoteka@msn.com,Male
554b3d3e-b9b5-4ee4-8251-2848d2bb83c9,Theo,Bradburn,tbradburnkb@about.com,Male
f1015435-8eac-459c-a9fc-02dcaa291101,Sigismondo,Storcke,sstorckekc@sun.com,Male
b2e6aee6-6678-4c43-8a81-780f79d8c58a,Lincoln,Coombe,lcoombekd@hostgator.com,Male
786d56ca-05d1-4f43-962b-5014c7a3be60,Erhard,Fausch,efauschke@1und1.de,Male
a96d58f0-5443-43dd-95b5-ce93c9ef0711,Mae,Mephan,mmephankf@fastcompany.com,Female
ff8272cd-ff2b-4ff1-ad85-ba26f98a0934,Anabelle,Gullick,agullickkg@nhs.uk,Female
93b74bcc-f28f-4958-a49f-4acb4c0f5b15,Ives,Healy,ihealykh@redcross.org,Male
fbe4a17e-4fd3-4716-8350-f01065a9eba9,Juanita,Imbrey,jimbreyki@123-reg.co.uk,Female
81d15ef3-4fc6-43e6-8a3f-2ef564836301,Boyce,Gogerty,bgogertykj@liveinternet.ru,Male
8334dd97-30b3-4252-8167-92c619101a36,Ricky,Martynikhin,rmartynikhinkk@themeforest.net,Male
e79ef157-10c0-4cc5-b05a-0406d0be6e05,Rebekkah,Dungay,rdungaykl@irs.gov,Female
a72a7029-57d8-41df-874b-694c3b8dde66,Waring,Labadini,wlabadinikm@ehow.com,Male
9f3a3aa8-e868-4992-a7cb-d681d35d550d,Carmela,Percy,cpercykn@nsw.gov.au,Female
8e9ca3d9-d849-42b0-bdd2-1d0a913da00b,Roderigo,Drohan,rdrohanko@ftc.gov,Male
ea898945-d7ce-4939-bd27-5a8163df8a71,Winfred,Lawly,wlawlykp@dropbox.com,Male
2a88714e-7437-49be-ba93-89807a89f8d1,Nolie,Gronous,ngronouskq@omniture.com,Female
ae3616ba-de68-4719-9150-f54ab393ef0a,Jarrett,Chismon,jchismonkr@360.cn,Male
33ea34bc-41c5-4292-812c-034399591be0,Cody,Crotch,ccrotchks@ustream.tv,Male
68abb3b4-a088-4f92-8f9c-7dc59aa1c6f4,Reggy,McArley,rmcarleykt@admin.ch,Male
cc31433f-9939-4181-9580-bc0cef56fcab,Rip,Betke,rbetkeku@economist.com,Male
11d78a3b-6147-4fd2-9490-c2c31486321b,Herbie,Barten,hbartenkv@quantcast.com,Male
5cfc9a4e-14d7-434d-90f2-b37ca58fdded,Montgomery,Nardoni,mnardonikw@freewebs.com,Male
6de99681-a333-42c6-afbe-f1c3ba54c2c9,Karolina,Burberry,kburberrykx@comsenz.com,Female
0ca3d163-4cd7-44ea-95f1-f1e70da655a4,Selinda,Adamik,sadamikky@google.cn,Female
4cc9462e-662e-4758-8d5a-76a55af995ed,Jamal,Jobes,jjobeskz@ocn.ne.jp,Male
0fd6171c-9ca2-42ac-95e2-1b2873533d1b,Tamar,Hazelgrove,thazelgrovel0@whitehouse.gov,Female
4e71f559-1efa-4a32-973f-ec343bd09b08,Berne,McGlynn,bmcglynnl1@apple.com,Male
9dd4ffed-e903-407f-9288-44bc738124ab,Dale,Linscott,dlinscottl2@behance.net,Female
76875c22-91f3-4724-8397-d2ee892c7757,Flinn,Kondratenko,fkondratenkol3@joomla.org,Male
1213076f-43d9-4558-ac4d-8ed5d8c55c6c,Damiano,Freeman,dfreemanl4@scribd.com,Male
8aaa213f-94b1-405b-afba-8e3681081399,Krystal,Laird,klairdl5@cmu.edu,Female
6f61e60a-6629-4b35-81ae-d7371ebf3375,Juieta,Ovenden,jovendenl6@stumbleupon.com,Female
1056f445-4f09-4b62-87f0-32d6989cf6af,Dawn,Di Meo,ddimeol7@microsoft.com,Female
2760ae0b-9d8a-49ff-84ba-5e5d82551e09,Sam,Symonds,ssymondsl8@java.com,Male
b2f1e36f-7d02-4314-99f0-93f8f092142c,Ray,Lattos,rlattosl9@nba.com,Female
7c29ecf9-fbc5-4c53-a57f-7785d74afba6,Zelma,Audibert,zaudibertla@sitemeter.com,Female
cca9a654-f877-41ff-a891-8f318c3f40d7,Merna,Spofforth,mspofforthlb@geocities.com,Female
d24cc211-b4aa-41a0-8096-6668f5d12513,Orville,Josefs,ojosefslc@abc.net.au,Male
f76eae5f-73d1-40cd-807a-37b6031c66a7,Tiffy,Monument,tmonumentld@sciencedaily.com,Female
fba4db70-e585-4299-9511-104fe77dc811,Harland,Wenderott,hwenderottle@paypal.com,Male
b89ccd2b-2bbf-4326-aca3-e3d6f2799f59,Artair,Gerardin,agerardinlf@ca.gov,Male
44261039-3bac-4610-a36c-cb4295591c87,Francisca,Siddall,fsiddalllg@list-manage.com,Female
2224c539-8135-49e5-8a99-0e61ec9d7823,Melissa,Enoksson,menokssonlh@tumblr.com,Female
ad77287a-de18-459c-bd41-94dd132f9fcc,Noella,Raggitt,nraggittli@wikipedia.org,Female
522c910c-5b62-473f-959e-a7c7ddcb00c9,Sela,Maggiore,smaggiorelj@altervista.org,Female
4d58f1a3-6b19-47c2-87da-bde355492730,Ernst,Shellsheere,eshellsheerelk@ustream.tv,Male
a19c6822-aef7-4fd5-aaf7-7eb9e9ef3b75,Dorolice,Faulkes,dfaulkesll@cisco.com,Female
6ad45e7f-d62b-4d23-9261-c8ecc6113a1e,Herb,Harler,hharlerlm@blogs.com,Male
42201e61-c28c-4a16-b924-b1fe67baff3e,Yetta,Cockram,ycockramln@admin.ch,Female
d386726d-5e15-48af-8f5c-6cbc004451b6,Fax,Jordan,fjordanlo@state.gov,Male
b26641e3-f74d-450a-b0a1-ed0f173ad86e,Lois,Giorgini,lgiorginilp@cisco.com,Female
a5439510-3083-4e81-87e0-7d2216859692,Otho,Thresh,othreshlq@fda.gov,Male
ed192f07-5217-4d05-bb3b-22cae1511bc4,Micki,Lightman,mlightmanlr@hostgator.com,Female
b6e30242-6a62-4574-9fdd-cbd931b43e85,Elisha,Claxson,eclaxsonls@dion.ne.jp,Female
625977e8-bdb1-48f4-83f2-2fc9cd641305,Sibbie,Cotherill,scotherilllt@cnet.com,Female
10bb27f5-a88d-4203-b8ee-6c5caf6c86cb,Emmit,McCudden,emccuddenlu@vinaora.com,Male
fa4a7a0d-bdff-46b0-87a1-b331cd54d41a,Marylou,Tinghill,mtinghilllv@surveymonkey.com,Female
3c41aa9e-9410-4a25-9c7f-0b36e1585c37,Tynan,MacAloren,tmacalorenlw@sina.com.cn,Male
c4911cd2-71fe-4049-a224-7cbc96bd4f39,Albertine,Fedorski,afedorskilx@creativecommons.org,Female
ef4c4ce2-2e80-4579-9051-cca5b3f2d370,Grace,Chislett,gchislettly@uiuc.edu,Male
1646fbeb-22f4-4003-b499-edcbf0455f69,Francesca,Jelleman,fjellemanlz@com.com,Female
974ab0e1-419f-4cfa-a905-bb251a0a5250,Emanuele,Hellin,ehellinm0@comcast.net,Male
7c2ac41f-6863-43c1-b3cd-e2c81840a3fc,Biron,Folger,bfolgerm1@angelfire.com,Male
f8ea07c7-d53e-469e-b7c3-fec91acc070e,Jaclyn,Ofer,joferm2@artisteer.com,Female
c764667a-33d7-45f0-91be-0baacf113327,Amalle,Acres,aacresm3@samsung.com,Female
a58ee528-d6e0-46c8-b03c-26a87b0e1d8c,Blondy,Maffey,bmaffeym4@wsj.com,Female
bf19a51d-bf3e-4730-87f0-2525aad008fb,Chloette,Filippyev,cfilippyevm5@comsenz.com,Female
8d88b476-0acc-4807-8d5f-93884ffb753a,Alfreda,Storey,astoreym6@webnode.com,Female
b676348d-7c0a-4524-9794-b8e76355f152,Humfried,Sidgwick,hsidgwickm7@slashdot.org,Male
5f3c5719-f682-4ab1-8153-2b2b684d218a,Belvia,Francois,bfrancoism8@mail.ru,Female
6b1241d3-2b91-453e-8c39-77e9148ef6f7,Scarlett,Amner,samnerm9@goo.gl,Female
c1387c7f-a426-47f1-a059-b2442272cf0c,Codi,Shoulder,cshoulderma@nsw.gov.au,Male
e90b455a-3e11-433d-966b-d870f40cd991,Silvain,Stieger,sstiegermb@wikipedia.org,Male
33b15d45-5750-4fd6-a6ec-d3311077e771,Taffy,Glossop,tglossopmc@edublogs.org,Female
2aca68c8-52b2-4d89-9324-1886d13f11c4,Ramsey,Guinan,rguinanmd@de.vu,Male
d2f790e7-5060-4798-a56a-1547099fe683,Umberto,Daye,udayeme@ebay.com,Male
90887124-86bc-4e80-b58d-a6c0d39953a1,Morty,McConigal,mmcconigalmf@census.gov,Male
281113d2-b971-4024-ab88-80d7fb457054,Gran,Salvage,gsalvagemg@nature.com,Male
64180b6c-d5bb-4e4d-9cff-eae704a3c8e0,Cart,Giblett,cgiblettmh@columbia.edu,Male
1ccd3fd0-98b4-4eb7-9a22-69c897c721b4,Evanne,Hancorn,ehancornmi@alexa.com,Female
bceeab98-585b-48b7-bf80-415d99693fbc,Annetta,Fairall,afairallmj@forbes.com,Female
5d4cfe1b-32cc-4315-ac64-8bf1a53041ed,Price,Stoyle,pstoylemk@globo.com,Male
c461fce6-48a9-4772-95e7-740ad85f29c3,Babs,Lotherington,blotheringtonml@freewebs.com,Female
14d9d9e7-dd01-435f-92be-8135f23653a5,Nikolaus,Ordish,nordishmm@soundcloud.com,Male
c07afa0f-c086-4915-a9f7-9d49d2adbd94,Yurik,Pickton,ypicktonmn@rediff.com,Male
b39ba2a0-7697-463b-909e-843da915eef9,Garik,Kayne,gkaynemo@cisco.com,Male
12d87a6c-d180-4d2e-bc93-b944157cf819,Henka,Duddan,hduddanmp@clickbank.net,Female
3ea5b0c6-8f74-4e02-b7b5-10e599d3985d,Janey,McMeeking,jmcmeekingmq@bravesites.com,Female
a8891c7c-84aa-45c9-a167-95e37520e5c7,Verney,Betje,vbetjemr@tamu.edu,Male
fcca102f-c686-4c8d-b14d-f8e4d090e1e6,Allsun,Skeels,askeelsms@java.com,Female
f894274d-a228-47d2-bf17-49f3899177ff,Thorstein,Vearnals,tvearnalsmt@lulu.com,Male
0ed8a2da-2fe1-4c23-b0c9-6a40f9e3c195,Pip,Ruffy,pruffymu@narod.ru,Male
b1ad24ef-2449-47d7-8e47-e035b3df0083,Andre,Crick,acrickmv@google.pl,Male
db8f3485-3aa1-4b39-bb1c-69190f701c4b,Hugh,Pavlenkov,hpavlenkovmw@google.ru,Male
62f692ca-7c19-494e-924a-45d4dffd2eb6,Babbie,Lawrance,blawrancemx@nifty.com,Female
ca078279-58cb-4d47-b0d6-4e5ddff54815,Lissi,Rowbottam,lrowbottammy@yolasite.com,Female
b7811257-9837-4a11-a454-65974a242129,Saundra,Bannard,sbannardmz@weather.com,Female
5dba48ba-e484-4470-8128-75c16d5fa4f3,Hildagarde,Howland,hhowlandn0@lulu.com,Female
9d92225e-5be5-455f-9f91-17da33c9e058,Koren,Houliston,khoulistonn1@mit.edu,Female
d870896d-383f-425a-a302-c7cde21ae5e2,Richardo,Tort,rtortn2@yahoo.com,Male
c460aa62-60bd-4325-b1c0-6a6acb4c3ab8,Maxie,Domsalla,mdomsallan3@usda.gov,Female
bde5355c-d51a-44a1-b478-2d01da3b337d,Tanner,Simonetto,tsimonetton4@irs.gov,Male
26fc105f-9df9-464a-956f-353c7752bbbb,Tam,Salerg,tsalergn5@zimbio.com,Male
b3b9f021-001a-448e-a778-0551b97655db,Allyce,Lalevee,alaleveen6@purevolume.com,Female
8c12de67-08c8-4fd9-ac7d-73f892f5f1a6,Heather,Damsell,hdamselln7@infoseek.co.jp,Female
bc11b1f0-eaaa-44bc-b9da-65c59b601763,Jorry,Gorwood,jgorwoodn8@g.co,Female
071a1b31-0460-47d1-8aad-5ebdcee8b541,Gianina,Lashmar,glashmarn9@slideshare.net,Female
32d2aa98-c321-4c49-8479-63ed2de81a75,Harlen,Sarge,hsargena@pbs.org,Male
9582a886-2c1a-40ff-90a1-501fca73d2d7,Reggy,Ansty,ranstynb@free.fr,Male
fce5861a-b4ff-46a7-925c-51ede4001daf,Stafford,Glassard,sglassardnc@nature.com,Male
74aea980-505e-48a6-bcca-e9361591d669,Duffie,Nijssen,dnijssennd@home.pl,Male
4e2b695f-8d30-470f-b6c2-d56b7ae8da58,Kristel,Crummay,kcrummayne@arstechnica.com,Female
6b2c7fdd-0b65-4c58-ad24-6084e584db9f,Pavlov,Saltman,psaltmannf@cbsnews.com,Male
cd8a931d-716b-4144-b6c4-8fd05f46e12e,Rosetta,Sandhill,rsandhillng@adobe.com,Female
3292958c-05d9-4a09-a045-5f0943fb7e2e,Oona,Fateley,ofateleynh@elpais.com,Female
f35a1b8f-cb43-4aec-b80c-f2a243e19a21,Philippa,Newell,pnewellni@usda.gov,Female
f7b1c615-dc9a-4248-b667-75d50ea10d77,Isadora,Inott,iinottnj@flickr.com,Female
0e020a6f-7808-48f1-a50b-1344e04ca136,Genia,Beavis,gbeavisnk@virginia.edu,Female
5852a751-503b-4403-ad5e-37067a5ebe4a,Torey,Starsmore,tstarsmorenl@goo.ne.jp,Female
acd0e30e-fc2d-4268-814f-71cc757867d3,Gretchen,Wharmby,gwharmbynm@google.com.hk,Female
4a37ec61-4b41-4a23-855a-468651eb1a7c,Dallas,Headech,dheadechnn@opensource.org,Male
5a1c33ce-a3e7-4712-9c95-8b075fc8f86c,Emlynne,Boodell,eboodellno@wisc.edu,Female
ff7210c9-1fb7-4324-bb1c-ad6c7c1ab87f,Giselle,Stukings,gstukingsnp@storify.com,Female
9d9150d8-0276-4908-bf80-e47308ebbf7e,Arlena,Blankau,ablankaunq@t.co,Female
23727e0e-ca49-4400-adf6-381ceaa6ee60,Andrew,MacIntosh,amacintoshnr@wikimedia.org,Male
1309dd01-0c3c-4b68-8d8c-f2dd8d5ee8c0,Reiko,Geindre,rgeindrens@yellowbook.com,Female
110040f8-baad-4962-91c1-be2ba1262adc,Roseanna,Humfrey,rhumfreynt@telegraph.co.uk,Female
aff37999-cc8b-4ebc-9ca0-6e5239514ffd,Norris,Meneux,nmeneuxnu@ask.com,Male
c6bf5249-7126-4123-bc7f-8d86e946c5be,Robinia,Lidgate,rlidgatenv@lulu.com,Female
6748eea2-3e44-45ba-ac7b-e52539e14971,Kirk,Mouan,kmouannw@wikimedia.org,Male
9cdce1ae-4418-4d13-8093-1f7840b11122,Loella,Byard,lbyardnx@shareasale.com,Female
81a22924-ef15-403a-836b-4fb1ab4a5ec9,Aristotle,Joss,ajossny@walmart.com,Male
5984ddeb-fa09-4e0d-869c-f7c373dacd5a,Eliot,Aingel,eaingelnz@de.vu,Male
e5fd5962-a4f7-4049-b8cb-c446dca40b01,Mellisa,Paulson,mpaulsono0@ameblo.jp,Female
64889d31-bce5-4646-9e08-41396b4eacc6,Yuri,Ricciardo,yricciardoo1@yolasite.com,Male
696fbe69-f32d-4d7f-9de8-e88749030fb8,Myron,Smitten,msmitteno2@reference.com,Male
e84b38e5-c9ee-4162-b070-fed118481d8e,Albina,Jerome,ajeromeo3@deliciousdays.com,Female
f2bac296-3c5e-40e0-b900-3c0cf8698734,Stevy,Esche,sescheo4@craigslist.org,Male
85bed664-a3c4-43de-b6f4-99ac2003b8a5,Abram,Critten,acritteno5@php.net,Male
88a50210-986b-42d6-871b-8db18a875dab,Robinett,Seabrooke,rseabrookeo6@imgur.com,Female
e870dbf1-f6fb-41ec-93ad-d8654d8b204f,Fairlie,Matthewes,fmattheweso7@epa.gov,Male
11a9ee5a-843b-469f-ae82-378b44ad5f13,Mikael,Pinfold,mpinfoldo8@infoseek.co.jp,Male
9d4cb86a-7fda-4f3a-a2b9-6ab9ee5be130,Granthem,Milington,gmilingtono9@usgs.gov,Male
0ec832e1-ca61-4978-8d53-343e92a89bba,Alastair,Yarker,ayarkeroa@europa.eu,Male
f0fac5c0-424d-4014-b298-ad82265ebe7d,Tristam,Maber,tmaberob@bbb.org,Male
1b61af2e-9d36-40eb-8ef9-ce7e1d4b610f,Tammy,Radclyffe,tradclyffeoc@multiply.com,Female
88177216-5aa4-4c95-8e0f-630fc6d8e5b8,Ulrikaumeko,Houldey,uhouldeyod@mtv.com,Female
0490aea9-eb54-4d41-9405-2efcdc8b28f7,Zonnya,Boman,zbomanoe@unesco.org,Female
256af1cf-aafa-49a4-a501-b4d1428f9150,Penn,Placidi,pplacidiof@rambler.ru,Male
ae173292-7fd4-46f8-9fa2-95cd9d40ad55,Gray,Sander,gsanderog@elegantthemes.com,Male
68befb1c-d783-4b8d-a118-bda35fc45702,Britt,Rosin,brosinoh@yahoo.com,Male
003a5c09-bc86-4313-a4d3-c1aa6345db10,Ashlin,Dimbleby,adimblebyoi@4shared.com,Male
ba760fd1-9fda-4c96-a028-0fe9c283c3fb,Sharlene,Richardon,srichardonoj@newyorker.com,Female
086f9d21-05b0-4e77-a5a9-ae29c1b53f25,Phelia,Wickens,pwickensok@icq.com,Female
373f8679-499c-43a1-8422-8dc696ea6e78,Larina,Colebourne,lcolebourneol@sciencedirect.com,Female
d3da554f-7c29-4171-bc5d-8c5b8fb911e3,Velvet,Collyns,vcollynsom@sakura.ne.jp,Female
4bae6964-3620-49e6-b98a-9b849d848d63,Kissie,Yancey,kyanceyon@sakura.ne.jp,Female
3fc8b48e-0a08-4807-b805-1f7e14a48617,Lindsay,Nagle,lnagleoo@google.co.jp,Male
cf6337a2-6b5c-4545-8e23-bf3b83978fee,Tom,Fernely,tfernelyop@pinterest.com,Male
78cc57fb-7c23-4c4e-b9b9-efb38c6912d5,Gypsy,Hamley,ghamleyoq@engadget.com,Female
e4b8c319-fe63-4a62-ab88-23e302712c52,Loella,Meak,lmeakor@gmpg.org,Female
bf63e853-3f2f-4b87-802b-7b0f13314a48,Mil,Delmonti,mdelmontios@senate.gov,Female
0fd0631f-e807-4f2c-b08c-b85dd22f66c8,Wald,Meadowcroft,wmeadowcroftot@usgs.gov,Male
c6c848e7-bba0-4b94-adfe-da081116abb5,Elenore,Lemmens,elemmensou@time.com,Female
3ebdb284-985d-4309-b531-4f1ed283c375,Drew,Lewty,dlewtyov@hud.gov,Male
291c0627-4dbf-4dde-a63c-ef2f559042a3,Ronny,Learoyde,rlearoydeow@constantcontact.com,Male
363afb56-1d65-4735-9e84-7ebd6f6cfd81,Kat,Wooffinden,kwooffindenox@cmu.edu,Female
156e0cce-1f49-4519-a355-a6c495d423ca,Iorgos,Ronan,ironanoy@ebay.com,Male
1d52e9c6-b67b-4291-9010-d572be66bd7e,Darlene,Penhale,dpenhaleoz@java.com,Female
f8c02b78-cf58-4f88-81d5-dd3ee2356428,Elysia,Feeley,efeeleyp0@angelfire.com,Female
678e2905-3327-45d3-8772-81defb0db971,Nichole,Oehm,noehmp1@clickbank.net,Female
1786c093-4a11-4116-ad78-8b24c4f8882e,Cally,Messer,cmesserp2@dion.ne.jp,Female
bb46fb46-4ecf-456a-b2a5-1c46fde6e223,Fannie,Jojic,fjojicp3@hugedomains.com,Female
bc0f7b22-644d-43e2-8917-05de60c14eae,Chandal,Kantor,ckantorp4@hubpages.com,Female
4d421388-c707-4c1c-80a6-014cb864ccb2,Lorry,Nulty,lnultyp5@unblog.fr,Male
c93a18cd-8b9e-4cba-a218-3423052c4ced,Annmaria,Tolley,atolleyp6@1688.com,Female
32b19a18-7a70-42e7-8d0c-b8517098ea7c,Rhett,Callacher,rcallacherp7@sina.com.cn,Male
c70fad10-1894-4432-a0c5-7b0557169fed,Brooke,McGarrie,bmcgarriep8@blogtalkradio.com,Female
93c9fe7e-83bc-4c5d-a068-3fdf4f7cc5fe,Laure,Haughan,lhaughanp9@sohu.com,Female
849db2ac-d7a6-458a-b49e-b8bf81eb06bf,Kiah,Freake,kfreakepa@mapy.cz,Female
0b15f056-aee0-4761-8338-04c3dc06e3fe,Josie,Brice,jbricepb@umn.edu,Female
16aaf41f-4ce4-43b0-b843-dc46eeca1f6e,Osmond,Roscrigg,oroscriggpc@github.com,Male
79fae07a-5cb3-47bd-a628-b9dd79e9863e,Dulcinea,Spoure,dspourepd@unc.edu,Female
2b0dc1ac-8741-41fb-bd40-24f7243de7d6,Annmarie,Pardue,aparduepe@etsy.com,Female
7cb12a40-3b76-4da6-81eb-5d7d0a775724,Lorilyn,Shayler,lshaylerpf@elpais.com,Female
52e6fb3b-c4ed-481a-9838-025420c9ad8c,Sander,Autry,sautrypg@wix.com,Male
4afcb7da-ae78-4c4f-8c08-6669f46b905e,Garland,Crompton,gcromptonph@ucla.edu,Female
b5f96a9c-9add-4f3d-9673-21c828e29561,Riva,O' Gara,rogarapi@europa.eu,Female
eb3bdb69-0648-463d-aa83-429f3b1b2b71,Stacee,Churchyard,schurchyardpj@dmoz.org,Female
f62c7081-f13d-4e53-b73a-36751bd66bf2,Latrina,Cleynman,lcleynmanpk@bandcamp.com,Female
fa6da5d2-79f6-4af2-99ba-97d803cd81c8,Hewet,Fossitt,hfossittpl@goo.ne.jp,Male
6916c21a-4165-4cc2-8f6d-57827ffca490,Jourdain,Tilson,jtilsonpm@usda.gov,Male
c4b49a76-7e63-4326-9109-14a95e20bd50,Westley,MacCaffery,wmaccafferypn@blog.com,Male
c48dff5c-9cea-41a3-98f9-218a19984f40,Even,Bessent,ebessentpo@state.tx.us,Male
095fa40d-1717-4279-a9ad-4579b9da7c95,Sofie,Sidery,ssiderypp@smh.com.au,Female
5d28c84e-a852-460b-8f7b-539edcacc33a,Lillis,Garnson,lgarnsonpq@tinyurl.com,Female
21c72da7-f4c3-40cc-82a9-ee139f3807a0,Stevie,Pargiter,spargiterpr@de.vu,Male
ad98392e-1210-4033-b43f-11a9e7d5e39c,Arluene,Southon,asouthonps@behance.net,Female
949aedf6-dda6-47a1-8ca4-e6e09cdcb80f,Isador,Macro,imacropt@sphinn.com,Male
a96fda35-1fec-46cc-b8c4-2b6da8cf552c,Winnie,Curry,wcurrypu@ucoz.com,Male
619e58b8-a931-4241-bbd3-31b1f0971bf4,Sybille,Longcake,slongcakepv@bloglovin.com,Female
ed4adc53-cf9e-41ed-a7fe-38645db8d4c9,Keith,McLennan,kmclennanpw@yolasite.com,Male
e4ea66e3-e61e-46b8-af89-a54d5a693dfb,Sherilyn,Threader,sthreaderpx@opensource.org,Female
f8b6b11c-97b7-4ecd-ba2d-c1ad0e162229,Vale,Willarton,vwillartonpy@fastcompany.com,Male
c462fcb4-679e-4420-96e1-5241d919d75a,Dena,Doman,ddomanpz@sciencedirect.com,Female
54239fc0-8fc1-4a3a-81b1-4bf578562c90,Sanderson,Medgewick,smedgewickq0@plala.or.jp,Male
f2e55456-fc8c-495b-940b-e29b8837466a,Noami,Moodycliffe,nmoodycliffeq1@wisc.edu,Female
2278e628-3e66-4c51-bd8d-dfcd4d5aa2bc,Maryjane,Troke,mtrokeq2@hubpages.com,Female
146ea2dc-ad00-497d-8ace-0eb69d5336bf,Wheeler,Kilby,wkilbyq3@freewebs.com,Male
0221d482-3679-4481-bbda-5bdec5895905,Aldrich,Frounks,afrounksq4@google.co.uk,Male
4d509f2d-658b-41f3-ae2f-30666690a614,Doris,Luter,dluterq5@paypal.com,Female
fa0982ad-bca0-4e82-bc0e-edf472531762,Karita,Lerwell,klerwellq6@infoseek.co.jp,Female
0b05a77f-fac3-425e-ba7d-322d21177888,Emmalee,Demangeot,edemangeotq7@baidu.com,Female
80810437-077f-487c-a4fb-8a45708d30ef,Lucienne,Krikorian,lkrikorianq8@weather.com,Female
0a28dcd4-e57d-4b04-a93d-c838e7d19178,Addison,Innman,ainnmanq9@dmoz.org,Male
0313c502-4f04-4789-a29f-778f0dca13de,Carlo,Lamport,clamportqa@google.it,Male
e6ad81e1-0388-4a67-8bb2-fcdf7d9ccabb,Jenn,Malkie,jmalkieqb@dmoz.org,Female
e615aa41-e0f0-4f5a-86c5-8d465567f7a8,Cristie,Higgan,chigganqc@hao123.com,Female
870cd64e-cb0c-41f8-8c84-2a412148b058,Tawnya,Stickler,tsticklerqd@dion.ne.jp,Female
743131b3-9089-4748-957a-034023490edb,Paolo,Kingswood,pkingswoodqe@huffingtonpost.com,Male
6d57fe9b-bd21-4667-91e1-574f04bbe860,Mickie,Frankham,mfrankhamqf@weibo.com,Female
f58c0080-0b51-435c-8ecc-0cc7bc94d760,Linette,Millichap,lmillichapqg@storify.com,Female
a39fe5e3-5467-460a-aa28-67dc3e47e26f,Brear,Boothroyd,bboothroydqh@so-net.ne.jp,Female
5bf58085-2aae-4778-a5ad-c97b88bb2053,Norby,Chadbourne,nchadbourneqi@t-online.de,Male
74b81e00-d27d-4843-9edf-7efb3b6544ad,Zebedee,Van der Mark,zvandermarkqj@marketwatch.com,Male
0954ff47-829a-4d39-b77c-5743f32ff438,Cammi,Cogley,ccogleyqk@mlb.com,Female
d57945e5-40b1-4133-9791-dd20cac4dd46,Nikolaos,Withrop,nwithropql@meetup.com,Male
eb0dc5d9-9593-4ce2-8f78-f80387f07eb7,Orlando,Jervis,ojervisqm@yolasite.com,Male
2a914c8d-d0fc-47dc-a14b-7a35838c067f,Trefor,Muirden,tmuirdenqn@vk.com,Male
c8dbaa83-66f6-4894-8b96-b8a5f9f02227,Granthem,Lacroix,glacroixqo@usda.gov,Male
a206bf12-0d2d-4b1e-b0dd-3857da9fcce5,Pancho,Carbery,pcarberyqp@yellowpages.com,Male
7a4f5d2a-758e-49af-af3a-1bf40796b665,Conant,Holgan,cholganqq@google.fr,Male
82b14143-0994-4784-a30b-a4936ef7267e,Roanna,Ubsdell,rubsdellqr@google.cn,Female
60db2942-aa5f-41d9-b8f3-5d5388a4b34a,Andres,Dmitriev,admitrievqs@mlb.com,Male
e83f3951-839c-4726-885d-e63e9436a463,Wenonah,Bunker,wbunkerqt@ftc.gov,Female
838fbb89-8761-4b70-bf83-5ad362696307,Stearne,Sephton,ssephtonqu@techcrunch.com,Male
9bbcd109-5ca1-484f-9627-f0ee1c85a42c,Ronnie,Bolam,rbolamqv@wordpress.org,Male
f324c8c1-41ba-4e7d-aabb-10c7b47089c2,Latia,Izachik,lizachikqw@nymag.com,Female
103cf204-6a6c-4830-83b8-9b7ae2487da9,Giffard,Idwal Evans,gidwalevansqx@cnbc.com,Male
35b60c37-21af-4136-9cd2-0fc84b89bf01,Warren,Arthy,warthyqy@hp.com,Male
ae8fa971-449c-41a0-9f02-6dd8ae521fb1,Trenna,Seacroft,tseacroftqz@4shared.com,Female
ba6db3de-e7f4-479b-9c82-edd8285b2b41,Dana,Klimushev,dklimushevr0@google.ru,Female
0bc19c8c-b4d6-468b-9c45-538f3a4442a6,Rozalie,Burnage,rburnager1@google.com.au,Female
6f733f65-f74b-4350-a632-6f5584431980,Torey,Ottery,totteryr2@networksolutions.com,Male
20edc6d1-0e73-45b8-879b-3a031a7f3b77,Auria,Shawl,ashawlr3@bigcartel.com,Female
90bd2026-b961-4595-83c1-7e01827fdafd,Bernardina,Wonfor,bwonforr4@walmart.com,Female
dd7b297e-77e9-4a88-8834-ad648ddd3aaa,Kaitlyn,Davis,kdavisr5@ihg.com,Female
27e41268-e8b4-4a45-8bf9-2e3194882a98,Whit,Piletic,wpileticr6@a8.net,Male
7c4efc4b-b9e7-400e-a92a-fc4418bb2515,Deborah,Munns,dmunnsr7@biglobe.ne.jp,Female
7c60a04f-a16b-4d4d-b221-86a72f063cd2,Udall,Tennock,utennockr8@issuu.com,Male
3efa1ee3-74e7-4e66-8198-d88fc20eaf40,Virgina,McIlmorie,vmcilmorier9@narod.ru,Female
7955782b-cb8c-4b1c-a1d9-355010dbd9bf,Bernete,McFadden,bmcfaddenra@hugedomains.com,Female
e4f44462-47a7-4d1a-bf37-334d13e7c8f7,Bonita,Ewebank,bewebankrb@weibo.com,Female
8026bff1-eca3-498f-8f97-9f46c469b03d,Raimondo,Ollivierre,rollivierrerc@free.fr,Male
a50450d5-999e-40b1-89e2-4722c280baf8,Eustacia,Rudall,erudallrd@biglobe.ne.jp,Female
b71f8ab9-cf5c-4de2-85d7-53e132aa09ed,Blakeley,Bragginton,bbraggintonre@phpbb.com,Female
5f1b862f-263b-41d7-a3ff-d45275a53fcd,Jacintha,Seyffert,jseyffertrf@disqus.com,Female
6018692d-e807-40ef-b469-861fd6fcbb28,Abie,Lewsy,alewsyrg@examiner.com,Male
4bf807a4-8481-44dc-8a51-623e90da291c,Konstanze,Renner,krennerrh@bloglovin.com,Female
8264b86b-ae1a-42a9-ad6a-47ced6cca214,Ada,Sanja,asanjari@naver.com,Female
ddb74f60-2407-456e-9fcd-836123e860a8,Myer,Tilio,mtiliorj@hexun.com,Male
c99a0923-b42d-48e1-8dfd-02efacb6ed46,La verne,Klimochkin,lklimochkinrk@blogtalkradio.com,Female
f8fe484f-f9d3-4a28-9ad7-02ae529ea55b,Jonas,Bonnor,jbonnorrl@amazon.co.jp,Male
ab43548e-b672-4f9d-bf72-8ec5f301fcdb,Kale,Alesbrook,kalesbrookrm@tinypic.com,Male
460100ea-c453-45a4-8acf-05db665d1283,Lannie,Mughal,lmughalrn@delicious.com,Male
8c55a894-5581-42b3-b161-15f8fbc63e78,Debee,Rawes,drawesro@nytimes.com,Female
dd378e9b-8d1c-4bd8-a502-81f0c1d28b1d,Silvana,Harriskine,sharriskinerp@altervista.org,Female
cbf6e446-4c5d-45f3-8c6a-2f89a9af872e,Minor,Maple,mmaplerq@stanford.edu,Male
36785ec1-e943-4ea8-ac42-4d95f3f68aa0,Drucie,O' Driscoll,dodriscollrr@delicious.com,Female
